2025-12-25T17:36:42.878-05:00,"{""ts"": ""2025-12-25T22:36:42.793257+00:00"", ""level"": ""INFO"", ""service"": ""dora-bot"", ""env"": ""prod"", ""bot_version"": ""unknown"", ""bot_run_id"": ""20251225-223535-5c9dcd"", ""message"": ""Order placed"", ""event_type"": ""ORDER_PLACED"", ""decision_id"": ""20251225-223535-5c9dcd:BATCH_PLACE:0"", ""market"": ""KXJENSENMENTION-26JAN06-TAIW"", ""order_id"": ""4243d52e-4051-4903-af6f-e12737f18b0a"", ""side"": ""yes"", ""price"": 0.37, ""size"": 10, ""client_order_id"": ""db770581eb7321a9"", ""batch_number"": 1, ""logger"": ""__main__""}",561369487018:/dora-bot/prod/app,i-094cc882e8e2c011d/dora-bot
2025-12-25T17:36:42.878-05:00,"{""ts"": ""2025-12-25T22:36:42.793305+00:00"", ""level"": ""INFO"", ""service"": ""dora-bot"", ""env"": ""prod"", ""bot_version"": ""unknown"", ""bot_run_id"": ""20251225-223535-5c9dcd"", ""message"": ""Order placed"", ""event_type"": ""ORDER_PLACED"", ""decision_id"": ""20251225-223535-5c9dcd:BATCH_PLACE:0"", ""market"": ""KXJENSENMENTION-26JAN06-TAIW"", ""order_id"": ""a4b8358d-6778-4d03-868c-dee1cdc10466"", ""side"": ""no"", ""price"": 0.42, ""size"": 10, ""client_order_id"": ""97f63f7a8017221b"", ""batch_number"": 1, ""logger"": ""__main__""}",561369487018:/dora-bot/prod/app,i-094cc882e8e2c011d/dora-bot
2025-12-25T17:36:42.878-05:00,"{""ts"": ""2025-12-25T22:36:42.793338+00:00"", ""level"": ""INFO"", ""service"": ""dora-bot"", ""env"": ""prod"", ""bot_version"": ""unknown"", ""bot_run_id"": ""20251225-223535-5c9dcd"", ""message"": ""Order placed"", ""event_type"": ""ORDER_PLACED"", ""decision_id"": ""20251225-223535-5c9dcd:BATCH_PLACE:0"", ""market"": ""KXMAYORCHI-27-MPAP"", ""order_id"": ""7dcab66e-19c6-49c1-86cd-1d7021ef4afe"", ""side"": ""yes"", ""price"": 0.28, ""size"": 10, ""client_order_id"": ""1d2cbd9f1e4c9c96"", ""batch_number"": 1, ""logger"": ""__main__""}",561369487018:/dora-bot/prod/app,i-094cc882e8e2c011d/dora-bot
2025-12-25T17:36:42.878-05:00,"{""ts"": ""2025-12-25T22:36:42.793443+00:00"", ""level"": ""INFO"", ""service"": ""dora-bot"", ""env"": ""prod"", ""bot_version"": ""unknown"", ""bot_run_id"": ""20251225-223535-5c9dcd"", ""message"": ""Order placed"", ""event_type"": ""ORDER_PLACED"", ""decision_id"": ""20251225-223535-5c9dcd:BATCH_PLACE:0"", ""market"": ""KXMAYORCHI-27-MPAP"", ""order_id"": ""7d4f6579-2388-4705-a984-fd4fdb8a86d1"", ""side"": ""no"", ""price"": 0.35, ""size"": 10, ""client_order_id"": ""578fc40b05531b2f"", ""batch_number"": 1, ""logger"": ""__main__""}",561369487018:/dora-bot/prod/app,i-094cc882e8e2c011d/dora-bot
2025-12-25T17:36:42.878-05:00,"{""ts"": ""2025-12-25T22:36:42.793493+00:00"", ""level"": ""INFO"", ""service"": ""dora-bot"", ""env"": ""prod"", ""bot_version"": ""unknown"", ""bot_run_id"": ""20251225-223535-5c9dcd"", ""message"": ""Order placed"", ""event_type"": ""ORDER_PLACED"", ""decision_id"": ""20251225-223535-5c9dcd:BATCH_PLACE:0"", ""market"": ""KXAISTREAMSERIES-27-DIS"", ""order_id"": ""10c637ca-f3f2-4686-a7b4-d54469c8a9a4"", ""side"": ""yes"", ""price"": 0.23, ""size"": 10, ""client_order_id"": ""af21c873102c6ae2"", ""batch_number"": 1, ""logger"": ""__main__""}",561369487018:/dora-bot/prod/app,i-094cc882e8e2c011d/dora-bot
2025-12-25T17:36:42.878-05:00,"{""ts"": ""2025-12-25T22:36:42.793524+00:00"", ""level"": ""INFO"", ""service"": ""dora-bot"", ""env"": ""prod"", ""bot_version"": ""unknown"", ""bot_run_id"": ""20251225-223535-5c9dcd"", ""message"": ""Order placed"", ""event_type"": ""ORDER_PLACED"", ""decision_id"": ""20251225-223535-5c9dcd:BATCH_PLACE:0"", ""market"": ""KXGTAPRICE-80"", ""order_id"": ""b5243ff7-a47b-4cf6-8115-c825d6ceaeb8"", ""side"": ""yes"", ""price"": 0.41, ""size"": 10, ""client_order_id"": ""c620b8479c5ecde9"", ""batch_number"": 1, ""logger"": ""__main__""}",561369487018:/dora-bot/prod/app,i-094cc882e8e2c011d/dora-bot
2025-12-25T17:36:42.878-05:00,"{""ts"": ""2025-12-25T22:36:42.793554+00:00"", ""level"": ""INFO"", ""service"": ""dora-bot"", ""env"": ""prod"", ""bot_version"": ""unknown"", ""bot_run_id"": ""20251225-223535-5c9dcd"", ""message"": ""Order placed"", ""event_type"": ""ORDER_PLACED"", ""decision_id"": ""20251225-223535-5c9dcd:BATCH_PLACE:0"", ""market"": ""KXGTAPRICE-80"", ""order_id"": ""8c4e2039-e6de-449c-9d1d-e42dd04227d3"", ""side"": ""no"", ""price"": 0.46, ""size"": 10, ""client_order_id"": ""4d1758e9911c9396"", ""batch_number"": 1, ""logger"": ""__main__""}",561369487018:/dora-bot/prod/app,i-094cc882e8e2c011d/dora-bot
2025-12-25T17:36:42.878-05:00,"{""ts"": ""2025-12-25T22:36:42.793584+00:00"", ""level"": ""INFO"", ""service"": ""dora-bot"", ""env"": ""prod"", ""bot_version"": ""unknown"", ""bot_run_id"": ""20251225-223535-5c9dcd"", ""message"": ""Order placed"", ""event_type"": ""ORDER_PLACED"", ""decision_id"": ""20251225-223535-5c9dcd:BATCH_PLACE:0"", ""market"": ""KXAISTREAMSERIES-27-AMA"", ""order_id"": ""d6c26fc4-dc91-4059-8c83-93d965d71fa9"", ""side"": ""yes"", ""price"": 0.04, ""size"": 10, ""client_order_id"": ""52e1402bea479a29"", ""batch_number"": 1, ""logger"": ""__main__""}",561369487018:/dora-bot/prod/app,i-094cc882e8e2c011d/dora-bot
2025-12-25T17:36:42.878-05:00,"{""ts"": ""2025-12-25T22:36:42.793612+00:00"", ""level"": ""INFO"", ""service"": ""dora-bot"", ""env"": ""prod"", ""bot_version"": ""unknown"", ""bot_run_id"": ""20251225-223535-5c9dcd"", ""message"": ""Order placed"", ""event_type"": ""ORDER_PLACED"", ""decision_id"": ""20251225-223535-5c9dcd:BATCH_PLACE:0"", ""market"": ""KXAISTREAMSERIES-27-AMA"", ""order_id"": ""6b67d277-31de-49d6-9450-c11eb7fbcffb"", ""side"": ""no"", ""price"": 0.36, ""size"": 10, ""client_order_id"": ""06d610803bdec121"", ""batch_number"": 1, ""logger"": ""__main__""}",561369487018:/dora-bot/prod/app,i-094cc882e8e2c011d/dora-bot
2025-12-25T17:36:43.880-05:00,"{""ts"": ""2025-12-25T22:36:42.793641+00:00"", ""level"": ""INFO"", ""service"": ""dora-bot"", ""env"": ""prod"", ""bot_version"": ""unknown"", ""bot_run_id"": ""20251225-223535-5c9dcd"", ""message"": ""Order placed"", ""event_type"": ""ORDER_PLACED"", ""decision_id"": ""20251225-223535-5c9dcd:BATCH_PLACE:0"", ""market"": ""KXIPO-26-RIPPLE"", ""order_id"": ""e3c0c753-1fbf-4492-b0e8-d320e9031a96"", ""side"": ""yes"", ""price"": 0.33, ""size"": 10, ""client_order_id"": ""e7e2fab2460bceb2"", ""batch_number"": 1, ""logger"": ""__main__""}",561369487018:/dora-bot/prod/app,i-094cc882e8e2c011d/dora-bot
2025-12-25T17:36:43.880-05:00,"{""ts"": ""2025-12-25T22:36:43.796293+00:00"", ""level"": ""INFO"", ""service"": ""dora-bot"", ""env"": ""prod"", ""bot_version"": ""unknown"", ""bot_run_id"": ""20251225-223535-5c9dcd"", ""message"": ""Executing place batch"", ""event_type"": ""BATCH_PLACE"", ""decision_id"": ""20251225-223535-5c9dcd:BATCH_PLACE:0"", ""batch_number"": 2, ""total_batches"": 5, ""batch_size"": 10, ""total_to_place"": 48, ""orders"": [{""market"": ""KXIPO-26-RIPPLE"", ""side"": ""no"", ""price"": 38, ""size"": 10}, {""market"": ""KXIPO-26-ANTHROPIC"", ""side"": ""yes"", ""price"": 49, ""size"": 10}, {""market"": ""KXIPO-26-ANTHROPIC"", ""side"": ""no"", ""price"": 56, ""size"": 10}, {""market"": ""KXWCCREG-26-GONZ"", ""side"": ""yes"", ""price"": 28, ""size"": 10}, {""market"": ""KXWCCREG-26-GONZ"", ""side"": ""no"", ""price"": 76, ""size"": 10}, {""market"": ""KXBOND-30-AP"", ""side"": ""yes"", ""price"": 10, ""size"": 10}, {""market"": ""KXBOND-30-AP"", ""side"": ""no"", ""price"": 17, ""size"": 10}, {""market"": ""KXTENNCOACH-26-MNAG"", ""side"": ""yes"", ""price"": 21, ""size"": 10}, {""market"": ""KXTENNCOACH-26-MNAG"", ""side"": ""no"", ""price"": 25, ""size"": 10}, {""market"": ""KXNEXTCOACHOUTNFL-26-2-LV"", ""side"": ""yes"", ""price"": 23, ""size"": 10}], ""logger"": ""__main__""}",561369487018:/dora-bot/prod/app,i-094cc882e8e2c011d/dora-bot
2025-12-25T17:36:43.880-05:00,"{""ts"": ""2025-12-25T22:36:43.796485+00:00"", ""level"": ""INFO"", ""service"": ""dora-bot"", ""env"": ""prod"", ""bot_version"": ""unknown"", ""bot_run_id"": ""20251225-223535-5c9dcd"", ""message"": ""Batch placing orders"", ""event_type"": ""BATCH_PLACE"", ""decision_id"": ""20251225-223535-5c9dcd:BATCH_PLACE:0"", ""order_count"": 10, ""orders"": [{""market"": ""KXIPO-26-RIPPLE"", ""side"": ""no"", ""price"": 38, ""size"": 10}, {""market"": ""KXIPO-26-ANTHROPIC"", ""side"": ""yes"", ""price"": 49, ""size"": 10}, {""market"": ""KXIPO-26-ANTHROPIC"", ""side"": ""no"", ""price"": 56, ""size"": 10}, {""market"": ""KXWCCREG-26-GONZ"", ""side"": ""yes"", ""price"": 28, ""size"": 10}, {""market"": ""KXWCCREG-26-GONZ"", ""side"": ""no"", ""price"": 76, ""size"": 10}, {""market"": ""KXBOND-30-AP"", ""side"": ""yes"", ""price"": 10, ""size"": 10}, {""market"": ""KXBOND-30-AP"", ""side"": ""no"", ""price"": 17, ""size"": 10}, {""market"": ""KXTENNCOACH-26-MNAG"", ""side"": ""yes"", ""price"": 21, ""size"": 10}, {""market"": ""KXTENNCOACH-26-MNAG"", ""side"": ""no"", ""price"": 25, ""size"": 10}, {""market"": ""KXNEXTCOACHOUTNFL-26-2-LV"", ""side"": ""yes"", ""price"": 23, ""size"": 10}], ""logger"": ""dora_bot.exchange_client""}",561369487018:/dora-bot/prod/app,i-094cc882e8e2c011d/dora-bot
2025-12-25T17:36:43.880-05:00,"{""ts"": ""2025-12-25T22:36:43.869754+00:00"", ""level"": ""INFO"", ""service"": ""dora-bot"", ""env"": ""prod"", ""bot_version"": ""unknown"", ""bot_run_id"": ""20251225-223535-5c9dcd"", ""message"": ""Batch place complete"", ""event_type"": ""BATCH_PLACE"", ""decision_id"": ""20251225-223535-5c9dcd:BATCH_PLACE:0"", ""placed_count"": 10, ""failed_count"": 0, ""latency_ms"": 73, ""logger"": ""dora_bot.exchange_client""}",561369487018:/dora-bot/prod/app,i-094cc882e8e2c011d/dora-bot
2025-12-25T17:36:43.880-05:00,"{""ts"": ""2025-12-25T22:36:43.869864+00:00"", ""level"": ""INFO"", ""service"": ""dora-bot"", ""env"": ""prod"", ""bot_version"": ""unknown"", ""bot_run_id"": ""20251225-223535-5c9dcd"", ""message"": ""Order placed"", ""event_type"": ""ORDER_PLACED"", ""decision_id"": ""20251225-223535-5c9dcd:BATCH_PLACE:0"", ""market"": ""KXIPO-26-RIPPLE"", ""order_id"": ""7eab6806-c20a-449f-a178-f2a63e170854"", ""side"": ""no"", ""price"": 0.38, ""size"": 10, ""client_order_id"": ""b602e94200d9e18b"", ""batch_number"": 2, ""logger"": ""__main__""}",561369487018:/dora-bot/prod/app,i-094cc882e8e2c011d/dora-bot
2025-12-25T17:36:43.880-05:00,"{""ts"": ""2025-12-25T22:36:43.869907+00:00"", ""level"": ""INFO"", ""service"": ""dora-bot"", ""env"": ""prod"", ""bot_version"": ""unknown"", ""bot_run_id"": ""20251225-223535-5c9dcd"", ""message"": ""Order placed"", ""event_type"": ""ORDER_PLACED"", ""decision_id"": ""20251225-223535-5c9dcd:BATCH_PLACE:0"", ""market"": ""KXIPO-26-ANTHROPIC"", ""order_id"": ""142b7f68-338b-4916-b788-e340f645236d"", ""side"": ""yes"", ""price"": 0.49, ""size"": 10, ""client_order_id"": ""27ff3d60c49fa35a"", ""batch_number"": 2, ""logger"": ""__main__""}",561369487018:/dora-bot/prod/app,i-094cc882e8e2c011d/dora-bot
2025-12-25T17:36:43.880-05:00,"{""ts"": ""2025-12-25T22:36:43.869939+00:00"", ""level"": ""INFO"", ""service"": ""dora-bot"", ""env"": ""prod"", ""bot_version"": ""unknown"", ""bot_run_id"": ""20251225-223535-5c9dcd"", ""message"": ""Order placed"", ""event_type"": ""ORDER_PLACED"", ""decision_id"": ""20251225-223535-5c9dcd:BATCH_PLACE:0"", ""market"": ""KXIPO-26-ANTHROPIC"", ""order_id"": ""d02e5217-6022-4994-8e78-bf1f97120321"", ""side"": ""no"", ""price"": 0.56, ""size"": 10, ""client_order_id"": ""ea62f76d9a539543"", ""batch_number"": 2, ""logger"": ""__main__""}",561369487018:/dora-bot/prod/app,i-094cc882e8e2c011d/dora-bot
2025-12-25T17:36:43.880-05:00,"{""ts"": ""2025-12-25T22:36:43.869969+00:00"", ""level"": ""INFO"", ""service"": ""dora-bot"", ""env"": ""prod"", ""bot_version"": ""unknown"", ""bot_run_id"": ""20251225-223535-5c9dcd"", ""message"": ""Order placed"", ""event_type"": ""ORDER_PLACED"", ""decision_id"": ""20251225-223535-5c9dcd:BATCH_PLACE:0"", ""market"": ""KXWCCREG-26-GONZ"", ""order_id"": ""0b3dcc90-c426-473d-bb08-b16e098b2968"", ""side"": ""yes"", ""price"": 0.28, ""size"": 10, ""client_order_id"": ""41bb9ebf3fd7f8af"", ""batch_number"": 2, ""logger"": ""__main__""}",561369487018:/dora-bot/prod/app,i-094cc882e8e2c011d/dora-bot
2025-12-25T17:36:43.880-05:00,"{""ts"": ""2025-12-25T22:36:43.869997+00:00"", ""level"": ""INFO"", ""service"": ""dora-bot"", ""env"": ""prod"", ""bot_version"": ""unknown"", ""bot_run_id"": ""20251225-223535-5c9dcd"", ""message"": ""Order placed"", ""event_type"": ""ORDER_PLACED"", ""decision_id"": ""20251225-223535-5c9dcd:BATCH_PLACE:0"", ""market"": ""KXWCCREG-26-GONZ"", ""order_id"": ""039ce3f7-deb8-4aad-84ed-69523e781c10"", ""side"": ""no"", ""price"": 0.76, ""size"": 10, ""client_order_id"": ""6ce77e9f28707683"", ""batch_number"": 2, ""logger"": ""__main__""}",561369487018:/dora-bot/prod/app,i-094cc882e8e2c011d/dora-bot
2025-12-25T17:36:43.880-05:00,"{""ts"": ""2025-12-25T22:36:43.870032+00:00"", ""level"": ""INFO"", ""service"": ""dora-bot"", ""env"": ""prod"", ""bot_version"": ""unknown"", ""bot_run_id"": ""20251225-223535-5c9dcd"", ""message"": ""Order placed"", ""event_type"": ""ORDER_PLACED"", ""decision_id"": ""20251225-223535-5c9dcd:BATCH_PLACE:0"", ""market"": ""KXBOND-30-AP"", ""order_id"": ""4ddc3642-819f-4037-a978-349a309f7f61"", ""side"": ""yes"", ""price"": 0.1, ""size"": 10, ""client_order_id"": ""51338cf73e14b49b"", ""batch_number"": 2, ""logger"": ""__main__""}",561369487018:/dora-bot/prod/app,i-094cc882e8e2c011d/dora-bot
2025-12-25T17:36:43.880-05:00,"{""ts"": ""2025-12-25T22:36:43.870060+00:00"", ""level"": ""INFO"", ""service"": ""dora-bot"", ""env"": ""prod"", ""bot_version"": ""unknown"", ""bot_run_id"": ""20251225-223535-5c9dcd"", ""message"": ""Order placed"", ""event_type"": ""ORDER_PLACED"", ""decision_id"": ""20251225-223535-5c9dcd:BATCH_PLACE:0"", ""market"": ""KXBOND-30-AP"", ""order_id"": ""81b68c51-44d9-4a35-bbf4-bc9fa2d91918"", ""side"": ""no"", ""price"": 0.17, ""size"": 10, ""client_order_id"": ""28ca85fbeba2dd15"", ""batch_number"": 2, ""logger"": ""__main__""}",561369487018:/dora-bot/prod/app,i-094cc882e8e2c011d/dora-bot
2025-12-25T17:36:43.880-05:00,"{""ts"": ""2025-12-25T22:36:43.870089+00:00"", ""level"": ""INFO"", ""service"": ""dora-bot"", ""env"": ""prod"", ""bot_version"": ""unknown"", ""bot_run_id"": ""20251225-223535-5c9dcd"", ""message"": ""Order placed"", ""event_type"": ""ORDER_PLACED"", ""decision_id"": ""20251225-223535-5c9dcd:BATCH_PLACE:0"", ""market"": ""KXTENNCOACH-26-MNAG"", ""order_id"": ""d62fc59a-4f17-4b96-85d9-fc84bf821e26"", ""side"": ""yes"", ""price"": 0.21, ""size"": 10, ""client_order_id"": ""dbe94e0f3b5b7784"", ""batch_number"": 2, ""logger"": ""__main__""}",561369487018:/dora-bot/prod/app,i-094cc882e8e2c011d/dora-bot
2025-12-25T17:36:43.880-05:00,"{""ts"": ""2025-12-25T22:36:43.870117+00:00"", ""level"": ""INFO"", ""service"": ""dora-bot"", ""env"": ""prod"", ""bot_version"": ""unknown"", ""bot_run_id"": ""20251225-223535-5c9dcd"", ""message"": ""Order placed"", ""event_type"": ""ORDER_PLACED"", ""decision_id"": ""20251225-223535-5c9dcd:BATCH_PLACE:0"", ""market"": ""KXTENNCOACH-26-MNAG"", ""order_id"": ""bd1c0420-c16c-42a6-adde-d6eedc630adf"", ""side"": ""no"", ""price"": 0.25, ""size"": 10, ""client_order_id"": ""b6a8c80be46ba4d0"", ""batch_number"": 2, ""logger"": ""__main__""}",561369487018:/dora-bot/prod/app,i-094cc882e8e2c011d/dora-bot
2025-12-25T17:36:44.882-05:00,"{""ts"": ""2025-12-25T22:36:43.870146+00:00"", ""level"": ""INFO"", ""service"": ""dora-bot"", ""env"": ""prod"", ""bot_version"": ""unknown"", ""bot_run_id"": ""20251225-223535-5c9dcd"", ""message"": ""Order placed"", ""event_type"": ""ORDER_PLACED"", ""decision_id"": ""20251225-223535-5c9dcd:BATCH_PLACE:0"", ""market"": ""KXNEXTCOACHOUTNFL-26-2-LV"", ""order_id"": ""655243ff-48c8-41d7-ac56-7a166059a7fc"", ""side"": ""yes"", ""price"": 0.23, ""size"": 10, ""client_order_id"": ""b6cfcb5f876df877"", ""batch_number"": 2, ""logger"": ""__main__""}",561369487018:/dora-bot/prod/app,i-094cc882e8e2c011d/dora-bot
2025-12-25T17:36:44.882-05:00,"{""ts"": ""2025-12-25T22:36:44.871459+00:00"", ""level"": ""INFO"", ""service"": ""dora-bot"", ""env"": ""prod"", ""bot_version"": ""unknown"", ""bot_run_id"": ""20251225-223535-5c9dcd"", ""message"": ""Executing place batch"", ""event_type"": ""BATCH_PLACE"", ""decision_id"": ""20251225-223535-5c9dcd:BATCH_PLACE:0"", ""batch_number"": 3, ""total_batches"": 5, ""batch_size"": 10, ""total_to_place"": 48, ""orders"": [{""market"": ""KXNEXTCOACHOUTNFL-26-2-LV"", ""side"": ""no"", ""price"": 34, ""size"": 10}, {""market"": ""KXNEXTTEAMNBA-26ADAV-CHI"", ""side"": ""yes"", ""price"": 1, ""size"": 10}, {""market"": ""KXNEXTTEAMNBA-26ADAV-CHI"", ""side"": ""no"", ""price"": 5, ""size"": 10}, {""market"": ""KXWCGOALLEADER-26-KMBA"", ""side"": ""yes"", ""price"": 12, ""size"": 10}, {""market"": ""KXWCGOALLEADER-26-KMBA"", ""side"": ""no"", ""price"": 17, ""size"": 10}, {""market"": ""KXPLANETFITNESSSUBS-26JAN"", ""side"": ""yes"", ""price"": 3, ""size"": 10}, {""market"": ""KXPLANETFITNESSSUBS-26JAN"", ""side"": ""no"", ""price"": 21, ""size"": 10}, {""market"": ""KXIPO-26-DATABRICKS"", ""side"": ""yes"", ""price"": 53, ""size"": 10}, {""market"": ""KXIPO-26-DATABRICKS"", ""side"": ""no"", ""price"": 57, ""size"": 10}, {""market"": ""KXTRUMPMEETING-27JAN01-NKJU"", ""side"": ""yes"", ""price"": 27, ""size"": 10}], ""logger"": ""__main__""}",561369487018:/dora-bot/prod/app,i-094cc882e8e2c011d/dora-bot
2025-12-25T17:36:45.132-05:00,"{""ts"": ""2025-12-25T22:36:44.871615+00:00"", ""level"": ""INFO"", ""service"": ""dora-bot"", ""env"": ""prod"", ""bot_version"": ""unknown"", ""bot_run_id"": ""20251225-223535-5c9dcd"", ""message"": ""Batch placing orders"", ""event_type"": ""BATCH_PLACE"", ""decision_id"": ""20251225-223535-5c9dcd:BATCH_PLACE:0"", ""order_count"": 10, ""orders"": [{""market"": ""KXNEXTCOACHOUTNFL-26-2-LV"", ""side"": ""no"", ""price"": 34, ""size"": 10}, {""market"": ""KXNEXTTEAMNBA-26ADAV-CHI"", ""side"": ""yes"", ""price"": 1, ""size"": 10}, {""market"": ""KXNEXTTEAMNBA-26ADAV-CHI"", ""side"": ""no"", ""price"": 5, ""size"": 10}, {""market"": ""KXWCGOALLEADER-26-KMBA"", ""side"": ""yes"", ""price"": 12, ""size"": 10}, {""market"": ""KXWCGOALLEADER-26-KMBA"", ""side"": ""no"", ""price"": 17, ""size"": 10}, {""market"": ""KXPLANETFITNESSSUBS-26JAN"", ""side"": ""yes"", ""price"": 3, ""size"": 10}, {""market"": ""KXPLANETFITNESSSUBS-26JAN"", ""side"": ""no"", ""price"": 21, ""size"": 10}, {""market"": ""KXIPO-26-DATABRICKS"", ""side"": ""yes"", ""price"": 53, ""size"": 10}, {""market"": ""KXIPO-26-DATABRICKS"", ""side"": ""no"", ""price"": 57, ""size"": 10}, {""market"": ""KXTRUMPMEETING-27JAN01-NKJU"", ""side"": ""yes"", ""price"": 27, ""size"": 10}], ""logger"": ""dora_bot.exchange_client""}",561369487018:/dora-bot/prod/app,i-094cc882e8e2c011d/dora-bot
2025-12-25T17:36:45.132-05:00,"{""ts"": ""2025-12-25T22:36:44.935622+00:00"", ""level"": ""INFO"", ""service"": ""dora-bot"", ""env"": ""prod"", ""bot_version"": ""unknown"", ""bot_run_id"": ""20251225-223535-5c9dcd"", ""message"": ""Batch place complete"", ""event_type"": ""BATCH_PLACE"", ""decision_id"": ""20251225-223535-5c9dcd:BATCH_PLACE:0"", ""placed_count"": 10, ""failed_count"": 0, ""latency_ms"": 63, ""logger"": ""dora_bot.exchange_client""}",561369487018:/dora-bot/prod/app,i-094cc882e8e2c011d/dora-bot
2025-12-25T17:36:45.132-05:00,"{""ts"": ""2025-12-25T22:36:44.935725+00:00"", ""level"": ""INFO"", ""service"": ""dora-bot"", ""env"": ""prod"", ""bot_version"": ""unknown"", ""bot_run_id"": ""20251225-223535-5c9dcd"", ""message"": ""Order placed"", ""event_type"": ""ORDER_PLACED"", ""decision_id"": ""20251225-223535-5c9dcd:BATCH_PLACE:0"", ""market"": ""KXNEXTCOACHOUTNFL-26-2-LV"", ""order_id"": ""83ff6f3c-951a-42d2-ae60-cbaf45bb3e6d"", ""side"": ""no"", ""price"": 0.34, ""size"": 10, ""client_order_id"": ""beed3f3448e03f6e"", ""batch_number"": 3, ""logger"": ""__main__""}",561369487018:/dora-bot/prod/app,i-094cc882e8e2c011d/dora-bot
2025-12-25T17:36:45.132-05:00,"{""ts"": ""2025-12-25T22:36:44.935769+00:00"", ""level"": ""INFO"", ""service"": ""dora-bot"", ""env"": ""prod"", ""bot_version"": ""unknown"", ""bot_run_id"": ""20251225-223535-5c9dcd"", ""message"": ""Order placed"", ""event_type"": ""ORDER_PLACED"", ""decision_id"": ""20251225-223535-5c9dcd:BATCH_PLACE:0"", ""market"": ""KXNEXTTEAMNBA-26ADAV-CHI"", ""order_id"": ""8087d3f2-571a-4e65-9e0e-a415db748cc7"", ""side"": ""yes"", ""price"": 0.01, ""size"": 10, ""client_order_id"": ""c333d90d7d726b12"", ""batch_number"": 3, ""logger"": ""__main__""}",561369487018:/dora-bot/prod/app,i-094cc882e8e2c011d/dora-bot
2025-12-25T17:36:45.132-05:00,"{""ts"": ""2025-12-25T22:36:44.935801+00:00"", ""level"": ""INFO"", ""service"": ""dora-bot"", ""env"": ""prod"", ""bot_version"": ""unknown"", ""bot_run_id"": ""20251225-223535-5c9dcd"", ""message"": ""Order placed"", ""event_type"": ""ORDER_PLACED"", ""decision_id"": ""20251225-223535-5c9dcd:BATCH_PLACE:0"", ""market"": ""KXNEXTTEAMNBA-26ADAV-CHI"", ""order_id"": ""8b14bc11-21ee-4356-834f-efdae1af79d9"", ""side"": ""no"", ""price"": 0.05, ""size"": 10, ""client_order_id"": ""27a744899a9e43b4"", ""batch_number"": 3, ""logger"": ""__main__""}",561369487018:/dora-bot/prod/app,i-094cc882e8e2c011d/dora-bot
2025-12-25T17:36:45.132-05:00,"{""ts"": ""2025-12-25T22:36:44.935831+00:00"", ""level"": ""INFO"", ""service"": ""dora-bot"", ""env"": ""prod"", ""bot_version"": ""unknown"", ""bot_run_id"": ""20251225-223535-5c9dcd"", ""message"": ""Order placed"", ""event_type"": ""ORDER_PLACED"", ""decision_id"": ""20251225-223535-5c9dcd:BATCH_PLACE:0"", ""market"": ""KXWCGOALLEADER-26-KMBA"", ""order_id"": ""5bed3ed4-3908-4c22-aa6d-2bf4edce3a93"", ""side"": ""yes"", ""price"": 0.12, ""size"": 10, ""client_order_id"": ""f73c7d7c814a5656"", ""batch_number"": 3, ""logger"": ""__main__""}",561369487018:/dora-bot/prod/app,i-094cc882e8e2c011d/dora-bot
2025-12-25T17:36:45.132-05:00,"{""ts"": ""2025-12-25T22:36:44.935860+00:00"", ""level"": ""INFO"", ""service"": ""dora-bot"", ""env"": ""prod"", ""bot_version"": ""unknown"", ""bot_run_id"": ""20251225-223535-5c9dcd"", ""message"": ""Order placed"", ""event_type"": ""ORDER_PLACED"", ""decision_id"": ""20251225-223535-5c9dcd:BATCH_PLACE:0"", ""market"": ""KXWCGOALLEADER-26-KMBA"", ""order_id"": ""ee80a925-112d-404a-a188-3ad6ef3471f1"", ""side"": ""no"", ""price"": 0.17, ""size"": 10, ""client_order_id"": ""337c8e2889730039"", ""batch_number"": 3, ""logger"": ""__main__""}",561369487018:/dora-bot/prod/app,i-094cc882e8e2c011d/dora-bot
2025-12-25T17:36:45.132-05:00,"{""ts"": ""2025-12-25T22:36:44.935889+00:00"", ""level"": ""INFO"", ""service"": ""dora-bot"", ""env"": ""prod"", ""bot_version"": ""unknown"", ""bot_run_id"": ""20251225-223535-5c9dcd"", ""message"": ""Order placed"", ""event_type"": ""ORDER_PLACED"", ""decision_id"": ""20251225-223535-5c9dcd:BATCH_PLACE:0"", ""market"": ""KXPLANETFITNESSSUBS-26JAN"", ""order_id"": ""f8469b4a-2798-41ad-951a-a0d70262c4ca"", ""side"": ""yes"", ""price"": 0.03, ""size"": 10, ""client_order_id"": ""35a0eacf87f028cd"", ""batch_number"": 3, ""logger"": ""__main__""}",561369487018:/dora-bot/prod/app,i-094cc882e8e2c011d/dora-bot
2025-12-25T17:36:45.132-05:00,"{""ts"": ""2025-12-25T22:36:44.935918+00:00"", ""level"": ""INFO"", ""service"": ""dora-bot"", ""env"": ""prod"", ""bot_version"": ""unknown"", ""bot_run_id"": ""20251225-223535-5c9dcd"", ""message"": ""Order placed"", ""event_type"": ""ORDER_PLACED"", ""decision_id"": ""20251225-223535-5c9dcd:BATCH_PLACE:0"", ""market"": ""KXPLANETFITNESSSUBS-26JAN"", ""order_id"": ""4c441307-9ab2-4e76-847b-d9b9395ef881"", ""side"": ""no"", ""price"": 0.21, ""size"": 10, ""client_order_id"": ""479a8121d13cc719"", ""batch_number"": 3, ""logger"": ""__main__""}",561369487018:/dora-bot/prod/app,i-094cc882e8e2c011d/dora-bot
2025-12-25T17:36:45.132-05:00,"{""ts"": ""2025-12-25T22:36:44.935961+00:00"", ""level"": ""INFO"", ""service"": ""dora-bot"", ""env"": ""prod"", ""bot_version"": ""unknown"", ""bot_run_id"": ""20251225-223535-5c9dcd"", ""message"": ""Order placed"", ""event_type"": ""ORDER_PLACED"", ""decision_id"": ""20251225-223535-5c9dcd:BATCH_PLACE:0"", ""market"": ""KXIPO-26-DATABRICKS"", ""order_id"": ""4bff1697-7563-4670-863b-0d927a151b4d"", ""side"": ""yes"", ""price"": 0.53, ""size"": 10, ""client_order_id"": ""4d0c1a95a4efca0e"", ""batch_number"": 3, ""logger"": ""__main__""}",561369487018:/dora-bot/prod/app,i-094cc882e8e2c011d/dora-bot
2025-12-25T17:36:45.132-05:00,"{""ts"": ""2025-12-25T22:36:44.935990+00:00"", ""level"": ""INFO"", ""service"": ""dora-bot"", ""env"": ""prod"", ""bot_version"": ""unknown"", ""bot_run_id"": ""20251225-223535-5c9dcd"", ""message"": ""Order placed"", ""event_type"": ""ORDER_PLACED"", ""decision_id"": ""20251225-223535-5c9dcd:BATCH_PLACE:0"", ""market"": ""KXIPO-26-DATABRICKS"", ""order_id"": ""8d150f26-bfe3-43f8-b016-75d6775df4ef"", ""side"": ""no"", ""price"": 0.57, ""size"": 10, ""client_order_id"": ""a4ff7509c906b303"", ""batch_number"": 3, ""logger"": ""__main__""}",561369487018:/dora-bot/prod/app,i-094cc882e8e2c011d/dora-bot
2025-12-25T17:36:46.134-05:00,"{""ts"": ""2025-12-25T22:36:44.936018+00:00"", ""level"": ""INFO"", ""service"": ""dora-bot"", ""env"": ""prod"", ""bot_version"": ""unknown"", ""bot_run_id"": ""20251225-223535-5c9dcd"", ""message"": ""Order placed"", ""event_type"": ""ORDER_PLACED"", ""decision_id"": ""20251225-223535-5c9dcd:BATCH_PLACE:0"", ""market"": ""KXTRUMPMEETING-27JAN01-NKJU"", ""order_id"": ""0563fa05-1083-4401-b058-199757380bf3"", ""side"": ""yes"", ""price"": 0.27, ""size"": 10, ""client_order_id"": ""154e182553adc2e1"", ""batch_number"": 3, ""logger"": ""__main__""}",561369487018:/dora-bot/prod/app,i-094cc882e8e2c011d/dora-bot
2025-12-25T17:36:46.134-05:00,"{""ts"": ""2025-12-25T22:36:45.937316+00:00"", ""level"": ""INFO"", ""service"": ""dora-bot"", ""env"": ""prod"", ""bot_version"": ""unknown"", ""bot_run_id"": ""20251225-223535-5c9dcd"", ""message"": ""Executing place batch"", ""event_type"": ""BATCH_PLACE"", ""decision_id"": ""20251225-223535-5c9dcd:BATCH_PLACE:0"", ""batch_number"": 4, ""total_batches"": 5, ""batch_size"": 10, ""total_to_place"": 48, ""orders"": [{""market"": ""KXTRUMPMEETING-27JAN01-NKJU"", ""side"": ""no"", ""price"": 34, ""size"": 10}, {""market"": ""KXAISTREAMSERIES-27-NET"", ""side"": ""yes"", ""price"": 23, ""size"": 10}, {""market"": ""KXAISTREAMSERIES-27-NET"", ""side"": ""no"", ""price"": 77, ""size"": 10}, {""market"": ""KXNEXTTEAMNBA-26ADAV-ATL"", ""side"": ""yes"", ""price"": 8, ""size"": 10}, {""market"": ""KXNEXTTEAMNBA-26ADAV-ATL"", ""side"": ""no"", ""price"": 15, ""size"": 10}, {""market"": ""KXPGAMAJORWIN-26-SSCH"", ""side"": ""yes"", ""price"": 53, ""size"": 10}, {""market"": ""KXPGAMAJORWIN-26-SSCH"", ""side"": ""no"", ""price"": 57, ""size"": 10}, {""market"": ""KXJENSENMENTION-26JAN06-ARIZ"", ""side"": ""yes"", ""price"": 36, ""size"": 10}, {""market"": ""KXJENSENMENTION-26JAN06-ARIZ"", ""side"": ""no"", ""price"": 89, ""size"": 10}, {""market"": ""KXPCECORE-26MAR-T0.2"", ""side"": ""yes"", ""price"": 42, ""size"": 10}], ""logger"": ""__main__""}",561369487018:/dora-bot/prod/app,i-094cc882e8e2c011d/dora-bot
2025-12-25T17:36:46.134-05:00,"{""ts"": ""2025-12-25T22:36:45.937474+00:00"", ""level"": ""INFO"", ""service"": ""dora-bot"", ""env"": ""prod"", ""bot_version"": ""unknown"", ""bot_run_id"": ""20251225-223535-5c9dcd"", ""message"": ""Batch placing orders"", ""event_type"": ""BATCH_PLACE"", ""decision_id"": ""20251225-223535-5c9dcd:BATCH_PLACE:0"", ""order_count"": 10, ""orders"": [{""market"": ""KXTRUMPMEETING-27JAN01-NKJU"", ""side"": ""no"", ""price"": 34, ""size"": 10}, {""market"": ""KXAISTREAMSERIES-27-NET"", ""side"": ""yes"", ""price"": 23, ""size"": 10}, {""market"": ""KXAISTREAMSERIES-27-NET"", ""side"": ""no"", ""price"": 77, ""size"": 10}, {""market"": ""KXNEXTTEAMNBA-26ADAV-ATL"", ""side"": ""yes"", ""price"": 8, ""size"": 10}, {""market"": ""KXNEXTTEAMNBA-26ADAV-ATL"", ""side"": ""no"", ""price"": 15, ""size"": 10}, {""market"": ""KXPGAMAJORWIN-26-SSCH"", ""side"": ""yes"", ""price"": 53, ""size"": 10}, {""market"": ""KXPGAMAJORWIN-26-SSCH"", ""side"": ""no"", ""price"": 57, ""size"": 10}, {""market"": ""KXJENSENMENTION-26JAN06-ARIZ"", ""side"": ""yes"", ""price"": 36, ""size"": 10}, {""market"": ""KXJENSENMENTION-26JAN06-ARIZ"", ""side"": ""no"", ""price"": 89, ""size"": 10}, {""market"": ""KXPCECORE-26MAR-T0.2"", ""side"": ""yes"", ""price"": 42, ""size"": 10}], ""logger"": ""dora_bot.exchange_client""}",561369487018:/dora-bot/prod/app,i-094cc882e8e2c011d/dora-bot
2025-12-25T17:36:46.134-05:00,"{""ts"": ""2025-12-25T22:36:46.001263+00:00"", ""level"": ""INFO"", ""service"": ""dora-bot"", ""env"": ""prod"", ""bot_version"": ""unknown"", ""bot_run_id"": ""20251225-223535-5c9dcd"", ""message"": ""Batch place complete"", ""event_type"": ""BATCH_PLACE"", ""decision_id"": ""20251225-223535-5c9dcd:BATCH_PLACE:0"", ""placed_count"": 10, ""failed_count"": 0, ""latency_ms"": 63, ""logger"": ""dora_bot.exchange_client""}",561369487018:/dora-bot/prod/app,i-094cc882e8e2c011d/dora-bot
2025-12-25T17:36:46.134-05:00,"{""ts"": ""2025-12-25T22:36:46.001400+00:00"", ""level"": ""INFO"", ""service"": ""dora-bot"", ""env"": ""prod"", ""bot_version"": ""unknown"", ""bot_run_id"": ""20251225-223535-5c9dcd"", ""message"": ""Order placed"", ""event_type"": ""ORDER_PLACED"", ""decision_id"": ""20251225-223535-5c9dcd:BATCH_PLACE:0"", ""market"": ""KXTRUMPMEETING-27JAN01-NKJU"", ""order_id"": ""9ad79251-a0ae-48ff-9333-56b028ef00e1"", ""side"": ""no"", ""price"": 0.34, ""size"": 10, ""client_order_id"": ""44d67f7233be7d78"", ""batch_number"": 4, ""logger"": ""__main__""}",561369487018:/dora-bot/prod/app,i-094cc882e8e2c011d/dora-bot
2025-12-25T17:36:46.134-05:00,"{""ts"": ""2025-12-25T22:36:46.001447+00:00"", ""level"": ""INFO"", ""service"": ""dora-bot"", ""env"": ""prod"", ""bot_version"": ""unknown"", ""bot_run_id"": ""20251225-223535-5c9dcd"", ""message"": ""Order placed"", ""event_type"": ""ORDER_PLACED"", ""decision_id"": ""20251225-223535-5c9dcd:BATCH_PLACE:0"", ""market"": ""KXAISTREAMSERIES-27-NET"", ""order_id"": ""a334f073-012d-45a2-9cc7-c586e3678feb"", ""side"": ""yes"", ""price"": 0.23, ""size"": 10, ""client_order_id"": ""68869b9400b369f3"", ""batch_number"": 4, ""logger"": ""__main__""}",561369487018:/dora-bot/prod/app,i-094cc882e8e2c011d/dora-bot
2025-12-25T17:36:46.134-05:00,"{""ts"": ""2025-12-25T22:36:46.001480+00:00"", ""level"": ""INFO"", ""service"": ""dora-bot"", ""env"": ""prod"", ""bot_version"": ""unknown"", ""bot_run_id"": ""20251225-223535-5c9dcd"", ""message"": ""Order placed"", ""event_type"": ""ORDER_PLACED"", ""decision_id"": ""20251225-223535-5c9dcd:BATCH_PLACE:0"", ""market"": ""KXAISTREAMSERIES-27-NET"", ""order_id"": ""b4b74645-cda8-4e79-ada9-1e8608dbd2f0"", ""side"": ""no"", ""price"": 0.77, ""size"": 10, ""client_order_id"": ""9766279669954fc4"", ""batch_number"": 4, ""logger"": ""__main__""}",561369487018:/dora-bot/prod/app,i-094cc882e8e2c011d/dora-bot
2025-12-25T17:36:46.134-05:00,"{""ts"": ""2025-12-25T22:36:46.001511+00:00"", ""level"": ""INFO"", ""service"": ""dora-bot"", ""env"": ""prod"", ""bot_version"": ""unknown"", ""bot_run_id"": ""20251225-223535-5c9dcd"", ""message"": ""Order placed"", ""event_type"": ""ORDER_PLACED"", ""decision_id"": ""20251225-223535-5c9dcd:BATCH_PLACE:0"", ""market"": ""KXNEXTTEAMNBA-26ADAV-ATL"", ""order_id"": ""b03bc91b-7793-49a0-bd50-e31c6bdf97a5"", ""side"": ""yes"", ""price"": 0.08, ""size"": 10, ""client_order_id"": ""437f00e247fbcd0e"", ""batch_number"": 4, ""logger"": ""__main__""}",561369487018:/dora-bot/prod/app,i-094cc882e8e2c011d/dora-bot
2025-12-25T17:36:46.134-05:00,"{""ts"": ""2025-12-25T22:36:46.001541+00:00"", ""level"": ""INFO"", ""service"": ""dora-bot"", ""env"": ""prod"", ""bot_version"": ""unknown"", ""bot_run_id"": ""20251225-223535-5c9dcd"", ""message"": ""Order placed"", ""event_type"": ""ORDER_PLACED"", ""decision_id"": ""20251225-223535-5c9dcd:BATCH_PLACE:0"", ""market"": ""KXNEXTTEAMNBA-26ADAV-ATL"", ""order_id"": ""d3aafe4c-b2bd-4067-8dcd-eaab42792f8e"", ""side"": ""no"", ""price"": 0.15, ""size"": 10, ""client_order_id"": ""4cb5d71db5cbe41d"", ""batch_number"": 4, ""logger"": ""__main__""}",561369487018:/dora-bot/prod/app,i-094cc882e8e2c011d/dora-bot
2025-12-25T17:36:46.134-05:00,"{""ts"": ""2025-12-25T22:36:46.001570+00:00"", ""level"": ""INFO"", ""service"": ""dora-bot"", ""env"": ""prod"", ""bot_version"": ""unknown"", ""bot_run_id"": ""20251225-223535-5c9dcd"", ""message"": ""Order placed"", ""event_type"": ""ORDER_PLACED"", ""decision_id"": ""20251225-223535-5c9dcd:BATCH_PLACE:0"", ""market"": ""KXPGAMAJORWIN-26-SSCH"", ""order_id"": ""0e46094e-9d36-41b1-9546-1a93d186dc9a"", ""side"": ""yes"", ""price"": 0.53, ""size"": 10, ""client_order_id"": ""d6eb4b1e39b82ace"", ""batch_number"": 4, ""logger"": ""__main__""}",561369487018:/dora-bot/prod/app,i-094cc882e8e2c011d/dora-bot
2025-12-25T17:36:46.134-05:00,"{""ts"": ""2025-12-25T22:36:46.001598+00:00"", ""level"": ""INFO"", ""service"": ""dora-bot"", ""env"": ""prod"", ""bot_version"": ""unknown"", ""bot_run_id"": ""20251225-223535-5c9dcd"", ""message"": ""Order placed"", ""event_type"": ""ORDER_PLACED"", ""decision_id"": ""20251225-223535-5c9dcd:BATCH_PLACE:0"", ""market"": ""KXPGAMAJORWIN-26-SSCH"", ""order_id"": ""a493f234-11ec-4786-980d-9d3d7c1b2807"", ""side"": ""no"", ""price"": 0.57, ""size"": 10, ""client_order_id"": ""77e2387ec4cd5ab9"", ""batch_number"": 4, ""logger"": ""__main__""}",561369487018:/dora-bot/prod/app,i-094cc882e8e2c011d/dora-bot
2025-12-25T17:36:46.134-05:00,"{""ts"": ""2025-12-25T22:36:46.001626+00:00"", ""level"": ""INFO"", ""service"": ""dora-bot"", ""env"": ""prod"", ""bot_version"": ""unknown"", ""bot_run_id"": ""20251225-223535-5c9dcd"", ""message"": ""Order placed"", ""event_type"": ""ORDER_PLACED"", ""decision_id"": ""20251225-223535-5c9dcd:BATCH_PLACE:0"", ""market"": ""KXJENSENMENTION-26JAN06-ARIZ"", ""order_id"": ""b84d6c14-6222-467c-98ac-18a73c323ed7"", ""side"": ""yes"", ""price"": 0.36, ""size"": 10, ""client_order_id"": ""d7e724627dca793d"", ""batch_number"": 4, ""logger"": ""__main__""}",561369487018:/dora-bot/prod/app,i-094cc882e8e2c011d/dora-bot
2025-12-25T17:36:46.134-05:00,"{""ts"": ""2025-12-25T22:36:46.001661+00:00"", ""level"": ""INFO"", ""service"": ""dora-bot"", ""env"": ""prod"", ""bot_version"": ""unknown"", ""bot_run_id"": ""20251225-223535-5c9dcd"", ""message"": ""Order placed"", ""event_type"": ""ORDER_PLACED"", ""decision_id"": ""20251225-223535-5c9dcd:BATCH_PLACE:0"", ""market"": ""KXJENSENMENTION-26JAN06-ARIZ"", ""order_id"": ""373140b3-5e5c-4c53-b964-479114768b93"", ""side"": ""no"", ""price"": 0.89, ""size"": 10, ""client_order_id"": ""62135d612f86cded"", ""batch_number"": 4, ""logger"": ""__main__""}",561369487018:/dora-bot/prod/app,i-094cc882e8e2c011d/dora-bot
2025-12-25T17:36:47.136-05:00,"{""ts"": ""2025-12-25T22:36:46.001712+00:00"", ""level"": ""INFO"", ""service"": ""dora-bot"", ""env"": ""prod"", ""bot_version"": ""unknown"", ""bot_run_id"": ""20251225-223535-5c9dcd"", ""message"": ""Order placed"", ""event_type"": ""ORDER_PLACED"", ""decision_id"": ""20251225-223535-5c9dcd:BATCH_PLACE:0"", ""market"": ""KXPCECORE-26MAR-T0.2"", ""order_id"": ""46af3b7c-eb30-41a1-a525-e1482ee99b31"", ""side"": ""yes"", ""price"": 0.42, ""size"": 10, ""client_order_id"": ""5bcc90c5f044c7f2"", ""batch_number"": 4, ""logger"": ""__main__""}",561369487018:/dora-bot/prod/app,i-094cc882e8e2c011d/dora-bot
2025-12-25T17:36:47.136-05:00,"{""ts"": ""2025-12-25T22:36:47.003302+00:00"", ""level"": ""INFO"", ""service"": ""dora-bot"", ""env"": ""prod"", ""bot_version"": ""unknown"", ""bot_run_id"": ""20251225-223535-5c9dcd"", ""message"": ""Executing place batch"", ""event_type"": ""BATCH_PLACE"", ""decision_id"": ""20251225-223535-5c9dcd:BATCH_PLACE:0"", ""batch_number"": 5, ""total_batches"": 5, ""batch_size"": 8, ""total_to_place"": 48, ""orders"": [{""market"": ""KXPCECORE-26MAR-T0.2"", ""side"": ""no"", ""price"": 50, ""size"": 10}, {""market"": ""KXGTAPRICE-90"", ""side"": ""yes"", ""price"": 28, ""size"": 10}, {""market"": ""KXGTAPRICE-90"", ""side"": ""no"", ""price"": 34, ""size"": 10}, {""market"": ""KXSBGUESTS-26-TS"", ""side"": ""yes"", ""price"": 8, ""size"": 10}, {""market"": ""KXSBGUESTS-26-TS"", ""side"": ""no"", ""price"": 30, ""size"": 10}, {""market"": ""KXLEADERSOUT-27JAN01-AALSSYR"", ""side"": ""yes"", ""price"": 22, ""size"": 10}, {""market"": ""KXLEADERSOUT-27JAN01-AALSSYR"", ""side"": ""no"", ""price"": 28, ""size"": 10}, {""market"": ""KXIPOOPENAI-26AUG01"", ""side"": ""no"", ""price"": 14, ""size"": 10}], ""logger"": ""__main__""}",561369487018:/dora-bot/prod/app,i-094cc882e8e2c011d/dora-bot
2025-12-25T17:36:47.136-05:00,"{""ts"": ""2025-12-25T22:36:47.003487+00:00"", ""level"": ""INFO"", ""service"": ""dora-bot"", ""env"": ""prod"", ""bot_version"": ""unknown"", ""bot_run_id"": ""20251225-223535-5c9dcd"", ""message"": ""Batch placing orders"", ""event_type"": ""BATCH_PLACE"", ""decision_id"": ""20251225-223535-5c9dcd:BATCH_PLACE:0"", ""order_count"": 8, ""orders"": [{""market"": ""KXPCECORE-26MAR-T0.2"", ""side"": ""no"", ""price"": 50, ""size"": 10}, {""market"": ""KXGTAPRICE-90"", ""side"": ""yes"", ""price"": 28, ""size"": 10}, {""market"": ""KXGTAPRICE-90"", ""side"": ""no"", ""price"": 34, ""size"": 10}, {""market"": ""KXSBGUESTS-26-TS"", ""side"": ""yes"", ""price"": 8, ""size"": 10}, {""market"": ""KXSBGUESTS-26-TS"", ""side"": ""no"", ""price"": 30, ""size"": 10}, {""market"": ""KXLEADERSOUT-27JAN01-AALSSYR"", ""side"": ""yes"", ""price"": 22, ""size"": 10}, {""market"": ""KXLEADERSOUT-27JAN01-AALSSYR"", ""side"": ""no"", ""price"": 28, ""size"": 10}, {""market"": ""KXIPOOPENAI-26AUG01"", ""side"": ""no"", ""price"": 14, ""size"": 10}], ""logger"": ""dora_bot.exchange_client""}",561369487018:/dora-bot/prod/app,i-094cc882e8e2c011d/dora-bot
2025-12-25T17:36:47.136-05:00,"{""ts"": ""2025-12-25T22:36:47.060128+00:00"", ""level"": ""INFO"", ""service"": ""dora-bot"", ""env"": ""prod"", ""bot_version"": ""unknown"", ""bot_run_id"": ""20251225-223535-5c9dcd"", ""message"": ""Batch place complete"", ""event_type"": ""BATCH_PLACE"", ""decision_id"": ""20251225-223535-5c9dcd:BATCH_PLACE:0"", ""placed_count"": 8, ""failed_count"": 0, ""latency_ms"": 56, ""logger"": ""dora_bot.exchange_client""}",561369487018:/dora-bot/prod/app,i-094cc882e8e2c011d/dora-bot
2025-12-25T17:36:47.136-05:00,"{""ts"": ""2025-12-25T22:36:47.060304+00:00"", ""level"": ""INFO"", ""service"": ""dora-bot"", ""env"": ""prod"", ""bot_version"": ""unknown"", ""bot_run_id"": ""20251225-223535-5c9dcd"", ""message"": ""Order placed"", ""event_type"": ""ORDER_PLACED"", ""decision_id"": ""20251225-223535-5c9dcd:BATCH_PLACE:0"", ""market"": ""KXPCECORE-26MAR-T0.2"", ""order_id"": ""ce280f1c-f73a-480e-b5a2-bcbecb1ece10"", ""side"": ""no"", ""price"": 0.5, ""size"": 10, ""client_order_id"": ""b41583ada8e4587b"", ""batch_number"": 5, ""logger"": ""__main__""}",561369487018:/dora-bot/prod/app,i-094cc882e8e2c011d/dora-bot
2025-12-25T17:36:47.136-05:00,"{""ts"": ""2025-12-25T22:36:47.060366+00:00"", ""level"": ""INFO"", ""service"": ""dora-bot"", ""env"": ""prod"", ""bot_version"": ""unknown"", ""bot_run_id"": ""20251225-223535-5c9dcd"", ""message"": ""Order placed"", ""event_type"": ""ORDER_PLACED"", ""decision_id"": ""20251225-223535-5c9dcd:BATCH_PLACE:0"", ""market"": ""KXGTAPRICE-90"", ""order_id"": ""1f0d8808-9117-4b45-9e2a-b33b58e68ff9"", ""side"": ""yes"", ""price"": 0.28, ""size"": 10, ""client_order_id"": ""b45c44e259ed7875"", ""batch_number"": 5, ""logger"": ""__main__""}",561369487018:/dora-bot/prod/app,i-094cc882e8e2c011d/dora-bot
2025-12-25T17:36:47.136-05:00,"{""ts"": ""2025-12-25T22:36:47.060409+00:00"", ""level"": ""INFO"", ""service"": ""dora-bot"", ""env"": ""prod"", ""bot_version"": ""unknown"", ""bot_run_id"": ""20251225-223535-5c9dcd"", ""message"": ""Order placed"", ""event_type"": ""ORDER_PLACED"", ""decision_id"": ""20251225-223535-5c9dcd:BATCH_PLACE:0"", ""market"": ""KXGTAPRICE-90"", ""order_id"": ""5603436b-4b84-4450-b967-c4f9fe946dbf"", ""side"": ""no"", ""price"": 0.34, ""size"": 10, ""client_order_id"": ""6c2842d124c0aeab"", ""batch_number"": 5, ""logger"": ""__main__""}",561369487018:/dora-bot/prod/app,i-094cc882e8e2c011d/dora-bot
2025-12-25T17:36:47.136-05:00,"{""ts"": ""2025-12-25T22:36:47.060441+00:00"", ""level"": ""INFO"", ""service"": ""dora-bot"", ""env"": ""prod"", ""bot_version"": ""unknown"", ""bot_run_id"": ""20251225-223535-5c9dcd"", ""message"": ""Order placed"", ""event_type"": ""ORDER_PLACED"", ""decision_id"": ""20251225-223535-5c9dcd:BATCH_PLACE:0"", ""market"": ""KXSBGUESTS-26-TS"", ""order_id"": ""281e5098-efc3-4e80-b602-fa58c049b110"", ""side"": ""yes"", ""price"": 0.08, ""size"": 10, ""client_order_id"": ""02e68c2f6a22eac2"", ""batch_number"": 5, ""logger"": ""__main__""}",561369487018:/dora-bot/prod/app,i-094cc882e8e2c011d/dora-bot
2025-12-25T17:36:47.136-05:00,"{""ts"": ""2025-12-25T22:36:47.060471+00:00"", ""level"": ""INFO"", ""service"": ""dora-bot"", ""env"": ""prod"", ""bot_version"": ""unknown"", ""bot_run_id"": ""20251225-223535-5c9dcd"", ""message"": ""Order placed"", ""event_type"": ""ORDER_PLACED"", ""decision_id"": ""20251225-223535-5c9dcd:BATCH_PLACE:0"", ""market"": ""KXSBGUESTS-26-TS"", ""order_id"": ""ef401e30-d4d1-49cf-a76a-b8482606e5ee"", ""side"": ""no"", ""price"": 0.3, ""size"": 10, ""client_order_id"": ""29dbe5d822b9218b"", ""batch_number"": 5, ""logger"": ""__main__""}",561369487018:/dora-bot/prod/app,i-094cc882e8e2c011d/dora-bot
2025-12-25T17:36:47.136-05:00,"{""ts"": ""2025-12-25T22:36:47.060501+00:00"", ""level"": ""INFO"", ""service"": ""dora-bot"", ""env"": ""prod"", ""bot_version"": ""unknown"", ""bot_run_id"": ""20251225-223535-5c9dcd"", ""message"": ""Order placed"", ""event_type"": ""ORDER_PLACED"", ""decision_id"": ""20251225-223535-5c9dcd:BATCH_PLACE:0"", ""market"": ""KXLEADERSOUT-27JAN01-AALSSYR"", ""order_id"": ""37792c01-a647-4059-a6b2-82746778cc5c"", ""side"": ""yes"", ""price"": 0.22, ""size"": 10, ""client_order_id"": ""6280489e6b4af761"", ""batch_number"": 5, ""logger"": ""__main__""}",561369487018:/dora-bot/prod/app,i-094cc882e8e2c011d/dora-bot
2025-12-25T17:36:47.136-05:00,"{""ts"": ""2025-12-25T22:36:47.060531+00:00"", ""level"": ""INFO"", ""service"": ""dora-bot"", ""env"": ""prod"", ""bot_version"": ""unknown"", ""bot_run_id"": ""20251225-223535-5c9dcd"", ""message"": ""Order placed"", ""event_type"": ""ORDER_PLACED"", ""decision_id"": ""20251225-223535-5c9dcd:BATCH_PLACE:0"", ""market"": ""KXLEADERSOUT-27JAN01-AALSSYR"", ""order_id"": ""8a5f1e1e-38bf-4173-84a4-1ab10c85c2bf"", ""side"": ""no"", ""price"": 0.28, ""size"": 10, ""client_order_id"": ""c9992c60e50f78fa"", ""batch_number"": 5, ""logger"": ""__main__""}",561369487018:/dora-bot/prod/app,i-094cc882e8e2c011d/dora-bot
2025-12-25T17:36:47.136-05:00,"{""ts"": ""2025-12-25T22:36:47.060560+00:00"", ""level"": ""INFO"", ""service"": ""dora-bot"", ""env"": ""prod"", ""bot_version"": ""unknown"", ""bot_run_id"": ""20251225-223535-5c9dcd"", ""message"": ""Order placed"", ""event_type"": ""ORDER_PLACED"", ""decision_id"": ""20251225-223535-5c9dcd:BATCH_PLACE:0"", ""market"": ""KXIPOOPENAI-26AUG01"", ""order_id"": ""b7e45c5f-daec-4848-90bc-94b93fc3bb0c"", ""side"": ""no"", ""price"": 0.14, ""size"": 10, ""client_order_id"": ""98d9ec5e72e556e0"", ""batch_number"": 5, ""logger"": ""__main__""}",561369487018:/dora-bot/prod/app,i-094cc882e8e2c011d/dora-bot
2025-12-25T17:36:47.136-05:00,"{""ts"": ""2025-12-25T22:36:47.060592+00:00"", ""level"": ""INFO"", ""service"": ""dora-bot"", ""env"": ""prod"", ""bot_version"": ""unknown"", ""bot_run_id"": ""20251225-223535-5c9dcd"", ""message"": ""Batch place complete"", ""event_type"": ""BATCH_PLACE_SUMMARY"", ""decision_id"": ""20251225-223535-5c9dcd:BATCH_PLACE:0"", ""total_succeeded"": 48, ""total_failed"": 0, ""total_requested"": 48, ""logger"": ""__main__""}",561369487018:/dora-bot/prod/app,i-094cc882e8e2c011d/dora-bot
2025-12-25T17:36:47.136-05:00,"{""ts"": ""2025-12-25T22:36:47.060670+00:00"", ""level"": ""INFO"", ""service"": ""dora-bot"", ""env"": ""prod"", ""bot_version"": ""unknown"", ""bot_run_id"": ""20251225-223535-5c9dcd"", ""message"": ""Cleaned up zero positions"", ""event_type"": ""LOG"", ""removed_markets"": [""KXBOND-30-AP"", ""KXAISTREAMSERIES-27-AMA"", ""KXIPO-26-ANTHROPIC"", ""KXLEADERSOUT-27JAN01-VZELUKR"", ""KXGTAPRICE-70"", ""KXLEADERSOUT-27JAN01-AALSSYR"", ""KXNEXTTEAMNBA-26ADAV-CHI"", ""KXNEXTCOACHOUTNFL-26-2-LV"", ""KXSBGUESTS-26-TS"", ""KXNEXTTEAMNBA-26ADAV-ATL"", ""KXTENNCOACH-26-MNAG"", ""KXMAYORCHI-27-MPAP"", ""KXWCGOALLEADER-26-KMBA"", ""KXJENSENMENTION-26JAN06-ARIZ"", ""KXTRUMPMEETING-27JAN01-NKJU"", ""KXGTAPRICE-100"", ""KXIPO-26-DATABRICKS"", ""KXPGAMAJORWIN-26-SSCH"", ""KXPCECORE-26MAR-T0.2"", ""KXJENSENMENTION-26JAN06-TAIW"", ""KXIPO-26-RIPPLE""], ""removed_count"": 21, ""logger"": ""dora_bot.state_manager""}",561369487018:/dora-bot/prod/app,i-094cc882e8e2c011d/dora-bot
2025-12-25T17:36:47.136-05:00,"{""ts"": ""2025-12-25T22:36:47.091061+00:00"", ""level"": ""INFO"", ""service"": ""dora-bot"", ""env"": ""prod"", ""bot_version"": ""unknown"", ""bot_run_id"": ""20251225-223535-5c9dcd"", ""message"": ""Heartbeat"", ""event_type"": ""HEARTBEAT"", ""loop_count"": 0, ""markets_active"": 30, ""open_orders_count"": 48, ""daily_pnl"": 4.730000000000001, ""rate_limiter"": {""tokens_available"": 12.875537395477295, ""burst_limit"": 20, ""requests_per_second"": 10.0, ""consecutive_rate_limits"": 0, ""is_backing_off"": false, ""backoff_remaining"": 0.0}, ""logger"": ""__main__""}",561369487018:/dora-bot/prod/app,i-094cc882e8e2c011d/dora-bot
2025-12-25T17:36:51.931-05:00,"{""ts"": ""2025-12-25T22:36:47.091157+00:00"", ""level"": ""WARNING"", ""service"": ""dora-bot"", ""env"": ""prod"", ""bot_version"": ""unknown"", ""bot_run_id"": ""20251225-223535-5c9dcd"", ""message"": ""Loop exceeded target duration"", ""event_type"": ""LOG"", ""loop_duration_ms"": 37194.169759750366, ""target_ms"": 10000.0, ""logger"": ""__main__""}",561369487018:/dora-bot/prod/app,i-094cc882e8e2c011d/dora-bot
2025-12-25T17:37:15.704-05:00,"{""ts"": ""2025-12-25T22:37:15.595260+00:00"", ""level"": ""INFO"", ""service"": ""dora-bot"", ""env"": ""prod"", ""bot_version"": ""unknown"", ""bot_run_id"": ""20251225-223535-5c9dcd"", ""message"": ""Fetched all open orders for None"", ""event_type"": ""FLAG"", ""open_orders_count"": 40, ""logger"": ""dora_bot.exchange_client""}",561369487018:/dora-bot/prod/app,i-094cc882e8e2c011d/dora-bot
2025-12-25T17:37:15.704-05:00,"{""ts"": ""2025-12-25T22:37:15.595442+00:00"", ""level"": ""INFO"", ""service"": ""dora-bot"", ""env"": ""prod"", ""bot_version"": ""unknown"", ""bot_run_id"": ""20251225-223535-5c9dcd"", ""message"": ""Preserving recently placed order not yet on exchange"", ""event_type"": ""LOG"", ""market"": ""KXSBGUESTS-26-TS"", ""order_id"": ""281e5098-efc3-4e80-b602-fa58c049b110"", ""side"": ""yes"", ""price"": 0.08, ""size"": 10, ""age_seconds"": 28.5, ""logger"": ""dora_bot.state_manager""}",561369487018:/dora-bot/prod/app,i-094cc882e8e2c011d/dora-bot
2025-12-25T17:37:15.704-05:00,"{""ts"": ""2025-12-25T22:37:15.595494+00:00"", ""level"": ""INFO"", ""service"": ""dora-bot"", ""env"": ""prod"", ""bot_version"": ""unknown"", ""bot_run_id"": ""20251225-223535-5c9dcd"", ""message"": ""Preserving recently placed order not yet on exchange"", ""event_type"": ""LOG"", ""market"": ""KXSBGUESTS-26-TS"", ""order_id"": ""ef401e30-d4d1-49cf-a76a-b8482606e5ee"", ""side"": ""no"", ""price"": 0.3, ""size"": 10, ""age_seconds"": 28.5, ""logger"": ""dora_bot.state_manager""}",561369487018:/dora-bot/prod/app,i-094cc882e8e2c011d/dora-bot
2025-12-25T17:37:15.704-05:00,"{""ts"": ""2025-12-25T22:37:15.595531+00:00"", ""level"": ""INFO"", ""service"": ""dora-bot"", ""env"": ""prod"", ""bot_version"": ""unknown"", ""bot_run_id"": ""20251225-223535-5c9dcd"", ""message"": ""Preserving recently placed order not yet on exchange"", ""event_type"": ""LOG"", ""market"": ""KXLEADERSOUT-27JAN01-AALSSYR"", ""order_id"": ""8a5f1e1e-38bf-4173-84a4-1ab10c85c2bf"", ""side"": ""no"", ""price"": 0.28, ""size"": 10, ""age_seconds"": 28.5, ""logger"": ""dora_bot.state_manager""}",561369487018:/dora-bot/prod/app,i-094cc882e8e2c011d/dora-bot
2025-12-25T17:37:15.704-05:00,"{""ts"": ""2025-12-25T22:37:15.595564+00:00"", ""level"": ""INFO"", ""service"": ""dora-bot"", ""env"": ""prod"", ""bot_version"": ""unknown"", ""bot_run_id"": ""20251225-223535-5c9dcd"", ""message"": ""Preserving recently placed order not yet on exchange"", ""event_type"": ""LOG"", ""market"": ""KXLEADERSOUT-27JAN01-AALSSYR"", ""order_id"": ""37792c01-a647-4059-a6b2-82746778cc5c"", ""side"": ""yes"", ""price"": 0.22, ""size"": 10, ""age_seconds"": 28.5, ""logger"": ""dora_bot.state_manager""}",561369487018:/dora-bot/prod/app,i-094cc882e8e2c011d/dora-bot
2025-12-25T17:37:15.704-05:00,"{""ts"": ""2025-12-25T22:37:15.595634+00:00"", ""level"": ""INFO"", ""service"": ""dora-bot"", ""env"": ""prod"", ""bot_version"": ""unknown"", ""bot_run_id"": ""20251225-223535-5c9dcd"", ""message"": ""Preserving recently placed order not yet on exchange"", ""event_type"": ""LOG"", ""market"": ""KXIPOOPENAI-26AUG01"", ""order_id"": ""b7e45c5f-daec-4848-90bc-94b93fc3bb0c"", ""side"": ""no"", ""price"": 0.14, ""size"": 10, ""age_seconds"": 28.5, ""logger"": ""dora_bot.state_manager""}",561369487018:/dora-bot/prod/app,i-094cc882e8e2c011d/dora-bot
2025-12-25T17:37:15.704-05:00,"{""ts"": ""2025-12-25T22:37:15.595665+00:00"", ""level"": ""INFO"", ""service"": ""dora-bot"", ""env"": ""prod"", ""bot_version"": ""unknown"", ""bot_run_id"": ""20251225-223535-5c9dcd"", ""message"": ""Preserving recently placed order not yet on exchange"", ""event_type"": ""LOG"", ""market"": ""KXGTAPRICE-90"", ""order_id"": ""5603436b-4b84-4450-b967-c4f9fe946dbf"", ""side"": ""no"", ""price"": 0.34, ""size"": 10, ""age_seconds"": 28.5, ""logger"": ""dora_bot.state_manager""}",561369487018:/dora-bot/prod/app,i-094cc882e8e2c011d/dora-bot
2025-12-25T17:37:15.704-05:00,"{""ts"": ""2025-12-25T22:37:15.595735+00:00"", ""level"": ""INFO"", ""service"": ""dora-bot"", ""env"": ""prod"", ""bot_version"": ""unknown"", ""bot_run_id"": ""20251225-223535-5c9dcd"", ""message"": ""Preserving recently placed order not yet on exchange"", ""event_type"": ""LOG"", ""market"": ""KXPCECORE-26MAR-T0.2"", ""order_id"": ""ce280f1c-f73a-480e-b5a2-bcbecb1ece10"", ""side"": ""no"", ""price"": 0.5, ""size"": 10, ""age_seconds"": 28.5, ""logger"": ""dora_bot.state_manager""}",561369487018:/dora-bot/prod/app,i-094cc882e8e2c011d/dora-bot
2025-12-25T17:37:15.704-05:00,"{""ts"": ""2025-12-25T22:37:15.595769+00:00"", ""level"": ""INFO"", ""service"": ""dora-bot"", ""env"": ""prod"", ""bot_version"": ""unknown"", ""bot_run_id"": ""20251225-223535-5c9dcd"", ""message"": ""Preserving recently placed order not yet on exchange"", ""event_type"": ""LOG"", ""market"": ""KXGTAPRICE-90"", ""order_id"": ""1f0d8808-9117-4b45-9e2a-b33b58e68ff9"", ""side"": ""yes"", ""price"": 0.28, ""size"": 10, ""age_seconds"": 28.5, ""logger"": ""dora_bot.state_manager""}",561369487018:/dora-bot/prod/app,i-094cc882e8e2c011d/dora-bot
2025-12-25T17:37:19.963-05:00,"{""ts"": ""2025-12-25T22:37:19.933727+00:00"", ""level"": ""INFO"", ""service"": ""dora-bot"", ""env"": ""prod"", ""bot_version"": ""unknown"", ""bot_run_id"": ""20251225-223535-5c9dcd"", ""message"": ""Batch diff complete"", ""event_type"": ""LOG"", ""loop_count"": 1, ""to_cancel_count"": 9, ""to_place_count"": 13, ""markets_with_targets"": 23, ""logger"": ""__main__""}",561369487018:/dora-bot/prod/app,i-094cc882e8e2c011d/dora-bot
2025-12-25T17:37:19.963-05:00,"{""ts"": ""2025-12-25T22:37:19.933808+00:00"", ""level"": ""INFO"", ""service"": ""dora-bot"", ""env"": ""prod"", ""bot_version"": ""unknown"", ""bot_run_id"": ""20251225-223535-5c9dcd"", ""message"": ""Executing cancel batch"", ""event_type"": ""BATCH_CANCEL"", ""decision_id"": ""20251225-223535-5c9dcd:BATCH_CANCEL:1"", ""batch_number"": 1, ""total_batches"": 1, ""batch_size"": 9, ""total_to_cancel"": 9, ""logger"": ""__main__""}",561369487018:/dora-bot/prod/app,i-094cc882e8e2c011d/dora-bot
2025-12-25T17:37:20.213-05:00,"{""ts"": ""2025-12-25T22:37:19.933856+00:00"", ""level"": ""INFO"", ""service"": ""dora-bot"", ""env"": ""prod"", ""bot_version"": ""unknown"", ""bot_run_id"": ""20251225-223535-5c9dcd"", ""message"": ""Batch cancelling orders"", ""event_type"": ""BATCH_CANCEL"", ""decision_id"": ""20251225-223535-5c9dcd:BATCH_CANCEL:1"", ""order_count"": 9, ""order_ids"": [""373140b3-5e5c-4c53-b964-479114768b93"", ""a4b8358d-6778-4d03-868c-dee1cdc10466"", ""0b3dcc90-c426-473d-bb08-b16e098b2968"", ""83ff6f3c-951a-42d2-ae60-cbaf45bb3e6d"", ""655243ff-48c8-41d7-ac56-7a166059a7fc"", ""8d150f26-bfe3-43f8-b016-75d6775df4ef"", ""4bff1697-7563-4670-863b-0d927a151b4d"", ""a493f234-11ec-4786-980d-9d3d7c1b2807"", ""0e46094e-9d36-41b1-9546-1a93d186dc9a""], ""logger"": ""dora_bot.exchange_client""}",561369487018:/dora-bot/prod/app,i-094cc882e8e2c011d/dora-bot
2025-12-25T17:37:20.213-05:00,"{""ts"": ""2025-12-25T22:37:20.103179+00:00"", ""level"": ""INFO"", ""service"": ""dora-bot"", ""env"": ""prod"", ""bot_version"": ""unknown"", ""bot_run_id"": ""20251225-223535-5c9dcd"", ""message"": ""Batch cancel complete"", ""event_type"": ""BATCH_CANCEL"", ""decision_id"": ""20251225-223535-5c9dcd:BATCH_CANCEL:1"", ""succeeded_count"": 9, ""failed_count"": 0, ""latency_ms"": 169, ""logger"": ""dora_bot.exchange_client""}",561369487018:/dora-bot/prod/app,i-094cc882e8e2c011d/dora-bot
2025-12-25T17:37:20.213-05:00,"{""ts"": ""2025-12-25T22:37:20.103285+00:00"", ""level"": ""INFO"", ""service"": ""dora-bot"", ""env"": ""prod"", ""bot_version"": ""unknown"", ""bot_run_id"": ""20251225-223535-5c9dcd"", ""message"": ""Batch cancel complete"", ""event_type"": ""BATCH_CANCEL_SUMMARY"", ""decision_id"": ""20251225-223535-5c9dcd:BATCH_CANCEL:1"", ""total_succeeded"": 9, ""total_failed"": 0, ""total_requested"": 9, ""logger"": ""__main__""}",561369487018:/dora-bot/prod/app,i-094cc882e8e2c011d/dora-bot
2025-12-25T17:37:20.213-05:00,"{""ts"": ""2025-12-25T22:37:20.103363+00:00"", ""level"": ""INFO"", ""service"": ""dora-bot"", ""env"": ""prod"", ""bot_version"": ""unknown"", ""bot_run_id"": ""20251225-223535-5c9dcd"", ""message"": ""Executing place batch"", ""event_type"": ""BATCH_PLACE"", ""decision_id"": ""20251225-223535-5c9dcd:BATCH_PLACE:1"", ""batch_number"": 1, ""total_batches"": 2, ""batch_size"": 10, ""total_to_place"": 13, ""orders"": [{""market"": ""KXJENSENMENTION-26JAN06-ARIZ"", ""side"": ""no"", ""price"": 41, ""size"": 10}, {""market"": ""KXLEADERSOUT-27JAN01-AALSSYR"", ""side"": ""yes"", ""price"": 23, ""size"": 10}, {""market"": ""KXLEADERSOUT-27JAN01-AALSSYR"", ""side"": ""no"", ""price"": 27, ""size"": 10}, {""market"": ""KXJENSENMENTION-26JAN06-TAIW"", ""side"": ""no"", ""price"": 43, ""size"": 10}, {""market"": ""KXWCCREG-26-GONZ"", ""side"": ""yes"", ""price"": 31, ""size"": 10}, {""market"": ""KXNEXTCOACHOUTNFL-26-2-LV"", ""side"": ""yes"", ""price"": 25, ""size"": 10}, {""market"": ""KXNEXTCOACHOUTNFL-26-2-LV"", ""side"": ""no"", ""price"": 32, ""size"": 10}, {""market"": ""KXPCECORE-26MAR-T0.2"", ""side"": ""no"", ""price"": 50, ""size"": 10}, {""market"": ""KXGTAPRICE-90"", ""side"": ""yes"", ""price"": 30, ""size"": 10}, {""market"": ""KXGTAPRICE-90"", ""side"": ""no"", ""price"": 34, ""size"": 10}], ""logger"": ""__main__""}",561369487018:/dora-bot/prod/app,i-094cc882e8e2c011d/dora-bot
2025-12-25T17:37:20.464-05:00,"{""ts"": ""2025-12-25T22:37:20.103439+00:00"", ""level"": ""INFO"", ""service"": ""dora-bot"", ""env"": ""prod"", ""bot_version"": ""unknown"", ""bot_run_id"": ""20251225-223535-5c9dcd"", ""message"": ""Batch placing orders"", ""event_type"": ""BATCH_PLACE"", ""decision_id"": ""20251225-223535-5c9dcd:BATCH_PLACE:1"", ""order_count"": 10, ""orders"": [{""market"": ""KXJENSENMENTION-26JAN06-ARIZ"", ""side"": ""no"", ""price"": 41, ""size"": 10}, {""market"": ""KXLEADERSOUT-27JAN01-AALSSYR"", ""side"": ""yes"", ""price"": 23, ""size"": 10}, {""market"": ""KXLEADERSOUT-27JAN01-AALSSYR"", ""side"": ""no"", ""price"": 27, ""size"": 10}, {""market"": ""KXJENSENMENTION-26JAN06-TAIW"", ""side"": ""no"", ""price"": 43, ""size"": 10}, {""market"": ""KXWCCREG-26-GONZ"", ""side"": ""yes"", ""price"": 31, ""size"": 10}, {""market"": ""KXNEXTCOACHOUTNFL-26-2-LV"", ""side"": ""yes"", ""price"": 25, ""size"": 10}, {""market"": ""KXNEXTCOACHOUTNFL-26-2-LV"", ""side"": ""no"", ""price"": 32, ""size"": 10}, {""market"": ""KXPCECORE-26MAR-T0.2"", ""side"": ""no"", ""price"": 50, ""size"": 10}, {""market"": ""KXGTAPRICE-90"", ""side"": ""yes"", ""price"": 30, ""size"": 10}, {""market"": ""KXGTAPRICE-90"", ""side"": ""no"", ""price"": 34, ""size"": 10}], ""logger"": ""dora_bot.exchange_client""}",561369487018:/dora-bot/prod/app,i-094cc882e8e2c011d/dora-bot
2025-12-25T17:37:20.464-05:00,"{""ts"": ""2025-12-25T22:37:20.253954+00:00"", ""level"": ""ERROR"", ""service"": ""dora-bot"", ""env"": ""prod"", ""bot_version"": ""unknown"", ""bot_run_id"": ""20251225-223535-5c9dcd"", ""message"": ""Kalshi API Error"", ""event_type"": ""ERROR"", ""status_code"": 429, ""url"": ""https://api.elections.kalshi.com/trade-api/v2/portfolio/orders/batched"", ""response_headers"": {""Content-Type"": ""application/json; charset=utf-8"", ""Content-Length"": ""68"", ""Connection"": ""keep-alive"", ""Date"": ""Thu, 25 Dec 2025 22:37:20 GMT"", ""X-Content-Type-Options"": ""nosniff"", ""Content-Security-Policy"": ""default-src 'none';"", ""Strict-Transport-Security"": ""max-age=31536000; includeSubDomains"", ""X-Cache"": ""Error from cloudfront"", ""Via"": ""1.1 de8c22342808c6d85bb5af74b959fb0a.cloudfront.net (CloudFront)"", ""X-Amz-Cf-Pop"": ""IAD61-P13"", ""X-Amz-Cf-Id"": ""twIptRfUACqgzMI23DG3hdX4aZiMO5RrtQUYxzKe1oP3NXaKMMjxQw==""}, ""response_body"": ""{\""error\"":{\""code\"":\""too_many_requests\"",\""message\"":\""too many requests\""}}"", ""logger"": ""dora_bot.kalshi_client""}",561369487018:/dora-bot/prod/app,i-094cc882e8e2c011d/dora-bot
2025-12-25T17:37:20.464-05:00,"{""ts"": ""2025-12-25T22:37:20.254105+00:00"", ""level"": ""ERROR"", ""service"": ""dora-bot"", ""env"": ""prod"", ""bot_version"": ""unknown"", ""bot_run_id"": ""20251225-223535-5c9dcd"", ""message"": ""Batch place API error"", ""event_type"": ""ERROR"", ""decision_id"": ""20251225-223535-5c9dcd:BATCH_PLACE:1"", ""order_count"": 10, ""error_type"": ""HTTPError"", ""error_msg"": ""too many requests"", ""status_code"": null, ""latency_ms"": 150, ""logger"": ""dora_bot.exchange_client""}",561369487018:/dora-bot/prod/app,i-094cc882e8e2c011d/dora-bot
2025-12-25T17:37:20.464-05:00,"{""ts"": ""2025-12-25T22:37:20.254373+00:00"", ""level"": ""WARNING"", ""service"": ""dora-bot"", ""env"": ""prod"", ""bot_version"": ""unknown"", ""bot_run_id"": ""20251225-223535-5c9dcd"", ""message"": ""Place failed"", ""event_type"": ""BATCH_PLACE_FAILED"", ""decision_id"": ""20251225-223535-5c9dcd:BATCH_PLACE:1"", ""market"": ""KXJENSENMENTION-26JAN06-ARIZ"", ""side"": ""no"", ""price"": 41, ""size"": 10, ""client_order_id"": ""778a2c20cae4251f"", ""error_msg"": ""too many requests"", ""batch_number"": 1, ""logger"": ""__main__""}",561369487018:/dora-bot/prod/app,i-094cc882e8e2c011d/dora-bot
2025-12-25T17:37:20.464-05:00,"{""ts"": ""2025-12-25T22:37:20.254425+00:00"", ""level"": ""WARNING"", ""service"": ""dora-bot"", ""env"": ""prod"", ""bot_version"": ""unknown"", ""bot_run_id"": ""20251225-223535-5c9dcd"", ""message"": ""Place failed"", ""event_type"": ""BATCH_PLACE_FAILED"", ""decision_id"": ""20251225-223535-5c9dcd:BATCH_PLACE:1"", ""market"": ""KXLEADERSOUT-27JAN01-AALSSYR"", ""side"": ""yes"", ""price"": 23, ""size"": 10, ""client_order_id"": ""0e0c3bad5cae7524"", ""error_msg"": ""too many requests"", ""batch_number"": 1, ""logger"": ""__main__""}",561369487018:/dora-bot/prod/app,i-094cc882e8e2c011d/dora-bot
2025-12-25T17:37:20.464-05:00,"{""ts"": ""2025-12-25T22:37:20.254464+00:00"", ""level"": ""WARNING"", ""service"": ""dora-bot"", ""env"": ""prod"", ""bot_version"": ""unknown"", ""bot_run_id"": ""20251225-223535-5c9dcd"", ""message"": ""Place failed"", ""event_type"": ""BATCH_PLACE_FAILED"", ""decision_id"": ""20251225-223535-5c9dcd:BATCH_PLACE:1"", ""market"": ""KXLEADERSOUT-27JAN01-AALSSYR"", ""side"": ""no"", ""price"": 27, ""size"": 10, ""client_order_id"": ""1a4117ca228d14b9"", ""error_msg"": ""too many requests"", ""batch_number"": 1, ""logger"": ""__main__""}",561369487018:/dora-bot/prod/app,i-094cc882e8e2c011d/dora-bot
2025-12-25T17:37:20.464-05:00,"{""ts"": ""2025-12-25T22:37:20.254494+00:00"", ""level"": ""WARNING"", ""service"": ""dora-bot"", ""env"": ""prod"", ""bot_version"": ""unknown"", ""bot_run_id"": ""20251225-223535-5c9dcd"", ""message"": ""Place failed"", ""event_type"": ""BATCH_PLACE_FAILED"", ""decision_id"": ""20251225-223535-5c9dcd:BATCH_PLACE:1"", ""market"": ""KXJENSENMENTION-26JAN06-TAIW"", ""side"": ""no"", ""price"": 43, ""size"": 10, ""client_order_id"": ""f6d456ff09588b8c"", ""error_msg"": ""too many requests"", ""batch_number"": 1, ""logger"": ""__main__""}",561369487018:/dora-bot/prod/app,i-094cc882e8e2c011d/dora-bot
2025-12-25T17:37:20.464-05:00,"{""ts"": ""2025-12-25T22:37:20.254523+00:00"", ""level"": ""WARNING"", ""service"": ""dora-bot"", ""env"": ""prod"", ""bot_version"": ""unknown"", ""bot_run_id"": ""20251225-223535-5c9dcd"", ""message"": ""Place failed"", ""event_type"": ""BATCH_PLACE_FAILED"", ""decision_id"": ""20251225-223535-5c9dcd:BATCH_PLACE:1"", ""market"": ""KXWCCREG-26-GONZ"", ""side"": ""yes"", ""price"": 31, ""size"": 10, ""client_order_id"": ""0f6b23c3344b3237"", ""error_msg"": ""too many requests"", ""batch_number"": 1, ""logger"": ""__main__""}",561369487018:/dora-bot/prod/app,i-094cc882e8e2c011d/dora-bot
2025-12-25T17:37:20.464-05:00,"{""ts"": ""2025-12-25T22:37:20.254565+00:00"", ""level"": ""WARNING"", ""service"": ""dora-bot"", ""env"": ""prod"", ""bot_version"": ""unknown"", ""bot_run_id"": ""20251225-223535-5c9dcd"", ""message"": ""Place failed"", ""event_type"": ""BATCH_PLACE_FAILED"", ""decision_id"": ""20251225-223535-5c9dcd:BATCH_PLACE:1"", ""market"": ""KXNEXTCOACHOUTNFL-26-2-LV"", ""side"": ""yes"", ""price"": 25, ""size"": 10, ""client_order_id"": ""0fbbbdfc49cdd84b"", ""error_msg"": ""too many requests"", ""batch_number"": 1, ""logger"": ""__main__""}",561369487018:/dora-bot/prod/app,i-094cc882e8e2c011d/dora-bot
2025-12-25T17:37:20.464-05:00,"{""ts"": ""2025-12-25T22:37:20.254595+00:00"", ""level"": ""WARNING"", ""service"": ""dora-bot"", ""env"": ""prod"", ""bot_version"": ""unknown"", ""bot_run_id"": ""20251225-223535-5c9dcd"", ""message"": ""Place failed"", ""event_type"": ""BATCH_PLACE_FAILED"", ""decision_id"": ""20251225-223535-5c9dcd:BATCH_PLACE:1"", ""market"": ""KXNEXTCOACHOUTNFL-26-2-LV"", ""side"": ""no"", ""price"": 32, ""size"": 10, ""client_order_id"": ""fc35e1a1636d73c9"", ""error_msg"": ""too many requests"", ""batch_number"": 1, ""logger"": ""__main__""}",561369487018:/dora-bot/prod/app,i-094cc882e8e2c011d/dora-bot
2025-12-25T17:37:20.464-05:00,"{""ts"": ""2025-12-25T22:37:20.254624+00:00"", ""level"": ""WARNING"", ""service"": ""dora-bot"", ""env"": ""prod"", ""bot_version"": ""unknown"", ""bot_run_id"": ""20251225-223535-5c9dcd"", ""message"": ""Place failed"", ""event_type"": ""BATCH_PLACE_FAILED"", ""decision_id"": ""20251225-223535-5c9dcd:BATCH_PLACE:1"", ""market"": ""KXPCECORE-26MAR-T0.2"", ""side"": ""no"", ""price"": 50, ""size"": 10, ""client_order_id"": ""5fee39c8eff0f1f8"", ""error_msg"": ""too many requests"", ""batch_number"": 1, ""logger"": ""__main__""}",561369487018:/dora-bot/prod/app,i-094cc882e8e2c011d/dora-bot
2025-12-25T17:37:20.464-05:00,"{""ts"": ""2025-12-25T22:37:20.254653+00:00"", ""level"": ""WARNING"", ""service"": ""dora-bot"", ""env"": ""prod"", ""bot_version"": ""unknown"", ""bot_run_id"": ""20251225-223535-5c9dcd"", ""message"": ""Place failed"", ""event_type"": ""BATCH_PLACE_FAILED"", ""decision_id"": ""20251225-223535-5c9dcd:BATCH_PLACE:1"", ""market"": ""KXGTAPRICE-90"", ""side"": ""yes"", ""price"": 30, ""size"": 10, ""client_order_id"": ""e0e61ff359644e5c"", ""error_msg"": ""too many requests"", ""batch_number"": 1, ""logger"": ""__main__""}",561369487018:/dora-bot/prod/app,i-094cc882e8e2c011d/dora-bot
2025-12-25T17:37:21.467-05:00,"{""ts"": ""2025-12-25T22:37:20.254681+00:00"", ""level"": ""WARNING"", ""service"": ""dora-bot"", ""env"": ""prod"", ""bot_version"": ""unknown"", ""bot_run_id"": ""20251225-223535-5c9dcd"", ""message"": ""Place failed"", ""event_type"": ""BATCH_PLACE_FAILED"", ""decision_id"": ""20251225-223535-5c9dcd:BATCH_PLACE:1"", ""market"": ""KXGTAPRICE-90"", ""side"": ""no"", ""price"": 34, ""size"": 10, ""client_order_id"": ""1f4a7e950e806752"", ""error_msg"": ""too many requests"", ""batch_number"": 1, ""logger"": ""__main__""}",561369487018:/dora-bot/prod/app,i-094cc882e8e2c011d/dora-bot
2025-12-25T17:37:21.467-05:00,"{""ts"": ""2025-12-25T22:37:21.255996+00:00"", ""level"": ""INFO"", ""service"": ""dora-bot"", ""env"": ""prod"", ""bot_version"": ""unknown"", ""bot_run_id"": ""20251225-223535-5c9dcd"", ""message"": ""Executing place batch"", ""event_type"": ""BATCH_PLACE"", ""decision_id"": ""20251225-223535-5c9dcd:BATCH_PLACE:1"", ""batch_number"": 2, ""total_batches"": 2, ""batch_size"": 3, ""total_to_place"": 13, ""orders"": [{""market"": ""KXSBGUESTS-26-TS"", ""side"": ""yes"", ""price"": 10, ""size"": 10}, {""market"": ""KXSBGUESTS-26-TS"", ""side"": ""no"", ""price"": 28, ""size"": 10}, {""market"": ""KXIPOOPENAI-26AUG01"", ""side"": ""no"", ""price"": 13, ""size"": 10}], ""logger"": ""__main__""}",561369487018:/dora-bot/prod/app,i-094cc882e8e2c011d/dora-bot
2025-12-25T17:37:21.467-05:00,"{""ts"": ""2025-12-25T22:37:21.256154+00:00"", ""level"": ""INFO"", ""service"": ""dora-bot"", ""env"": ""prod"", ""bot_version"": ""unknown"", ""bot_run_id"": ""20251225-223535-5c9dcd"", ""message"": ""Batch placing orders"", ""event_type"": ""BATCH_PLACE"", ""decision_id"": ""20251225-223535-5c9dcd:BATCH_PLACE:1"", ""order_count"": 3, ""orders"": [{""market"": ""KXSBGUESTS-26-TS"", ""side"": ""yes"", ""price"": 10, ""size"": 10}, {""market"": ""KXSBGUESTS-26-TS"", ""side"": ""no"", ""price"": 28, ""size"": 10}, {""market"": ""KXIPOOPENAI-26AUG01"", ""side"": ""no"", ""price"": 13, ""size"": 10}], ""logger"": ""dora_bot.exchange_client""}",561369487018:/dora-bot/prod/app,i-094cc882e8e2c011d/dora-bot
2025-12-25T17:37:21.467-05:00,"{""ts"": ""2025-12-25T22:37:21.286817+00:00"", ""level"": ""INFO"", ""service"": ""dora-bot"", ""env"": ""prod"", ""bot_version"": ""unknown"", ""bot_run_id"": ""20251225-223535-5c9dcd"", ""message"": ""Batch place complete"", ""event_type"": ""BATCH_PLACE"", ""decision_id"": ""20251225-223535-5c9dcd:BATCH_PLACE:1"", ""placed_count"": 3, ""failed_count"": 0, ""latency_ms"": 30, ""logger"": ""dora_bot.exchange_client""}",561369487018:/dora-bot/prod/app,i-094cc882e8e2c011d/dora-bot
2025-12-25T17:37:21.467-05:00,"{""ts"": ""2025-12-25T22:37:21.286935+00:00"", ""level"": ""INFO"", ""service"": ""dora-bot"", ""env"": ""prod"", ""bot_version"": ""unknown"", ""bot_run_id"": ""20251225-223535-5c9dcd"", ""message"": ""Order placed"", ""event_type"": ""ORDER_PLACED"", ""decision_id"": ""20251225-223535-5c9dcd:BATCH_PLACE:1"", ""market"": ""KXSBGUESTS-26-TS"", ""order_id"": ""832fe8b9-0691-43f0-99e9-07c5812ae5eb"", ""side"": ""yes"", ""price"": 0.1, ""size"": 10, ""client_order_id"": ""24d4e974bbbc5a99"", ""batch_number"": 2, ""logger"": ""__main__""}",561369487018:/dora-bot/prod/app,i-094cc882e8e2c011d/dora-bot
2025-12-25T17:37:21.467-05:00,"{""ts"": ""2025-12-25T22:37:21.286979+00:00"", ""level"": ""INFO"", ""service"": ""dora-bot"", ""env"": ""prod"", ""bot_version"": ""unknown"", ""bot_run_id"": ""20251225-223535-5c9dcd"", ""message"": ""Order placed"", ""event_type"": ""ORDER_PLACED"", ""decision_id"": ""20251225-223535-5c9dcd:BATCH_PLACE:1"", ""market"": ""KXSBGUESTS-26-TS"", ""order_id"": ""3cb24d47-3d4a-4a79-90a7-d242f95cda29"", ""side"": ""no"", ""price"": 0.28, ""size"": 10, ""client_order_id"": ""0c42ff86c94a13fa"", ""batch_number"": 2, ""logger"": ""__main__""}",561369487018:/dora-bot/prod/app,i-094cc882e8e2c011d/dora-bot
2025-12-25T17:37:21.467-05:00,"{""ts"": ""2025-12-25T22:37:21.287012+00:00"", ""level"": ""INFO"", ""service"": ""dora-bot"", ""env"": ""prod"", ""bot_version"": ""unknown"", ""bot_run_id"": ""20251225-223535-5c9dcd"", ""message"": ""Order placed"", ""event_type"": ""ORDER_PLACED"", ""decision_id"": ""20251225-223535-5c9dcd:BATCH_PLACE:1"", ""market"": ""KXIPOOPENAI-26AUG01"", ""order_id"": ""660bb0b1-f670-462f-8589-9af7d090c4a0"", ""side"": ""no"", ""price"": 0.13, ""size"": 10, ""client_order_id"": ""edb4d86692e44c61"", ""batch_number"": 2, ""logger"": ""__main__""}",561369487018:/dora-bot/prod/app,i-094cc882e8e2c011d/dora-bot
2025-12-25T17:37:21.467-05:00,"{""ts"": ""2025-12-25T22:37:21.287045+00:00"", ""level"": ""INFO"", ""service"": ""dora-bot"", ""env"": ""prod"", ""bot_version"": ""unknown"", ""bot_run_id"": ""20251225-223535-5c9dcd"", ""message"": ""Batch place complete"", ""event_type"": ""BATCH_PLACE_SUMMARY"", ""decision_id"": ""20251225-223535-5c9dcd:BATCH_PLACE:1"", ""total_succeeded"": 3, ""total_failed"": 10, ""total_requested"": 13, ""logger"": ""__main__""}",561369487018:/dora-bot/prod/app,i-094cc882e8e2c011d/dora-bot
2025-12-25T17:37:21.467-05:00,"{""ts"": ""2025-12-25T22:37:21.287101+00:00"", ""level"": ""WARNING"", ""service"": ""dora-bot"", ""env"": ""prod"", ""bot_version"": ""unknown"", ""bot_run_id"": ""20251225-223535-5c9dcd"", ""message"": ""Some placements failed"", ""event_type"": ""LOG"", ""succeeded"": 3, ""failed"": 10, ""logger"": ""__main__""}",561369487018:/dora-bot/prod/app,i-094cc882e8e2c011d/dora-bot
