@timestamp,@message
2025-12-26 08:47:08.810,"{""ts"": ""2025-12-26T08:47:04.419874+00:00"", ""level"": ""WARNING"", ""service"": ""dora-bot"", ""env"": ""prod"", ""bot_version"": ""unknown"", ""bot_run_id"": ""20251226-010945-5de626"", ""message"": ""Loop exceeded target duration"", ""event_type"": ""LOG"", ""loop_duration_ms"": 38049.73602294922, ""target_ms"": 10000.0, ""logger"": ""__main__""}"
2025-12-26 08:46:58.261,"{""ts"": ""2025-12-26T08:46:57.805662+00:00"", ""level"": ""WARNING"", ""service"": ""dora-bot"", ""env"": ""prod"", ""bot_version"": ""unknown"", ""bot_run_id"": ""20251226-010945-5de626"", ""message"": ""Order state drift detected"", ""event_type"": ""LOG"", ""loop_count"": 742, ""stale_local_orders"": 5, ""untracked_exchange_orders"": 0, ""logger"": ""__main__""}"
2025-12-26 08:46:58.010,"{""ts"": ""2025-12-26T08:46:57.805384+00:00"", ""level"": ""WARNING"", ""service"": ""dora-bot"", ""env"": ""prod"", ""bot_version"": ""unknown"", ""bot_run_id"": ""20251226-010945-5de626"", ""message"": ""Order in local state but not on exchange (stale)"", ""event_type"": ""LOG"", ""market"": ""KXWCCREG-26-GONZ"", ""order_id"": ""c4cd0302-2060-4393-9e62-6726e3fc327a"", ""side"": ""yes"", ""price"": 0.57, ""size"": 10, ""logger"": ""dora_bot.state_manager""}"
2025-12-26 08:46:58.010,"{""ts"": ""2025-12-26T08:46:57.805429+00:00"", ""level"": ""WARNING"", ""service"": ""dora-bot"", ""env"": ""prod"", ""bot_version"": ""unknown"", ""bot_run_id"": ""20251226-010945-5de626"", ""message"": ""Order in local state but not on exchange (stale)"", ""event_type"": ""LOG"", ""market"": ""KXNEXTCOACHOUTNFL-26-2-LV"", ""order_id"": ""0b8fb14f-7a57-4268-a132-5c4954341d1e"", ""side"": ""yes"", ""price"": 0.27, ""size"": 10, ""logger"": ""dora_bot.state_manager""}"
2025-12-26 08:46:58.010,"{""ts"": ""2025-12-26T08:46:57.805463+00:00"", ""level"": ""WARNING"", ""service"": ""dora-bot"", ""env"": ""prod"", ""bot_version"": ""unknown"", ""bot_run_id"": ""20251226-010945-5de626"", ""message"": ""Order in local state but not on exchange (stale)"", ""event_type"": ""LOG"", ""market"": ""KXIPO-26-DATABRICKS"", ""order_id"": ""4973437a-bf40-4251-bc1d-a90fa46e8105"", ""side"": ""no"", ""price"": 0.57, ""size"": 10, ""logger"": ""dora_bot.state_manager""}"
2025-12-26 08:46:58.010,"{""ts"": ""2025-12-26T08:46:57.805493+00:00"", ""level"": ""WARNING"", ""service"": ""dora-bot"", ""env"": ""prod"", ""bot_version"": ""unknown"", ""bot_run_id"": ""20251226-010945-5de626"", ""message"": ""Order in local state but not on exchange (stale)"", ""event_type"": ""LOG"", ""market"": ""KXIPO-26-RIPPLE"", ""order_id"": ""fa56094a-9d5e-4542-8e96-8c5f972ff636"", ""side"": ""yes"", ""price"": 0.34, ""size"": 10, ""logger"": ""dora_bot.state_manager""}"
2025-12-26 08:46:58.010,"{""ts"": ""2025-12-26T08:46:57.805522+00:00"", ""level"": ""WARNING"", ""service"": ""dora-bot"", ""env"": ""prod"", ""bot_version"": ""unknown"", ""bot_run_id"": ""20251226-010945-5de626"", ""message"": ""Order in local state but not on exchange (stale)"", ""event_type"": ""LOG"", ""market"": ""KXIPO-26-RIPPLE"", ""order_id"": ""f794d5ad-4aec-4add-83d0-2b55a00b4226"", ""side"": ""no"", ""price"": 0.38, ""size"": 10, ""logger"": ""dora_bot.state_manager""}"
2025-12-26 08:46:30.810,"{""ts"": ""2025-12-26T08:46:26.370057+00:00"", ""level"": ""WARNING"", ""service"": ""dora-bot"", ""env"": ""prod"", ""bot_version"": ""unknown"", ""bot_run_id"": ""20251226-010945-5de626"", ""message"": ""Loop exceeded target duration"", ""event_type"": ""LOG"", ""loop_duration_ms"": 37368.582248687744, ""target_ms"": 10000.0, ""logger"": ""__main__""}"
2025-12-26 08:46:26.428,"{""ts"": ""2025-12-26T08:46:25.308553+00:00"", ""level"": ""WARNING"", ""service"": ""dora-bot"", ""env"": ""prod"", ""bot_version"": ""unknown"", ""bot_run_id"": ""20251226-010945-5de626"", ""message"": ""Some cancellations failed"", ""event_type"": ""LOG"", ""succeeded"": 1, ""failed"": 5, ""logger"": ""__main__""}"
2025-12-26 08:46:25.426,"{""ts"": ""2025-12-26T08:46:25.308080+00:00"", ""level"": ""WARNING"", ""service"": ""dora-bot"", ""env"": ""prod"", ""bot_version"": ""unknown"", ""bot_run_id"": ""20251226-010945-5de626"", ""message"": ""Batch cancel - order failed"", ""event_type"": ""BATCH_CANCEL_FAILED"", ""decision_id"": ""20251226-010945-5de626:BATCH_CANCEL:741"", ""order_id"": ""4973437a-bf40-4251-bc1d-a90fa46e8105"", ""error_msg"": ""not found"", ""error_code"": ""not_found"", ""logger"": ""dora_bot.exchange_client""}"
2025-12-26 08:46:25.426,"{""ts"": ""2025-12-26T08:46:25.308170+00:00"", ""level"": ""WARNING"", ""service"": ""dora-bot"", ""env"": ""prod"", ""bot_version"": ""unknown"", ""bot_run_id"": ""20251226-010945-5de626"", ""message"": ""Batch cancel - order failed"", ""event_type"": ""BATCH_CANCEL_FAILED"", ""decision_id"": ""20251226-010945-5de626:BATCH_CANCEL:741"", ""order_id"": ""c4cd0302-2060-4393-9e62-6726e3fc327a"", ""error_msg"": ""not found"", ""error_code"": ""not_found"", ""logger"": ""dora_bot.exchange_client""}"
2025-12-26 08:46:25.426,"{""ts"": ""2025-12-26T08:46:25.308206+00:00"", ""level"": ""WARNING"", ""service"": ""dora-bot"", ""env"": ""prod"", ""bot_version"": ""unknown"", ""bot_run_id"": ""20251226-010945-5de626"", ""message"": ""Batch cancel - order failed"", ""event_type"": ""BATCH_CANCEL_FAILED"", ""decision_id"": ""20251226-010945-5de626:BATCH_CANCEL:741"", ""order_id"": ""0b8fb14f-7a57-4268-a132-5c4954341d1e"", ""error_msg"": ""not found"", ""error_code"": ""not_found"", ""logger"": ""dora_bot.exchange_client""}"
2025-12-26 08:46:25.426,"{""ts"": ""2025-12-26T08:46:25.308241+00:00"", ""level"": ""WARNING"", ""service"": ""dora-bot"", ""env"": ""prod"", ""bot_version"": ""unknown"", ""bot_run_id"": ""20251226-010945-5de626"", ""message"": ""Batch cancel - order failed"", ""event_type"": ""BATCH_CANCEL_FAILED"", ""decision_id"": ""20251226-010945-5de626:BATCH_CANCEL:741"", ""order_id"": ""f794d5ad-4aec-4add-83d0-2b55a00b4226"", ""error_msg"": ""not found"", ""error_code"": ""not_found"", ""logger"": ""dora_bot.exchange_client""}"
2025-12-26 08:46:25.426,"{""ts"": ""2025-12-26T08:46:25.308279+00:00"", ""level"": ""WARNING"", ""service"": ""dora-bot"", ""env"": ""prod"", ""bot_version"": ""unknown"", ""bot_run_id"": ""20251226-010945-5de626"", ""message"": ""Batch cancel - order failed"", ""event_type"": ""BATCH_CANCEL_FAILED"", ""decision_id"": ""20251226-010945-5de626:BATCH_CANCEL:741"", ""order_id"": ""fa56094a-9d5e-4542-8e96-8c5f972ff636"", ""error_msg"": ""not found"", ""error_code"": ""not_found"", ""logger"": ""dora_bot.exchange_client""}"
2025-12-26 08:46:25.426,"{""ts"": ""2025-12-26T08:46:25.308368+00:00"", ""level"": ""WARNING"", ""service"": ""dora-bot"", ""env"": ""prod"", ""bot_version"": ""unknown"", ""bot_run_id"": ""20251226-010945-5de626"", ""message"": ""Cancel failed"", ""event_type"": ""BATCH_CANCEL_FAILED"", ""decision_id"": ""20251226-010945-5de626:BATCH_CANCEL:741"", ""market"": ""KXIPO-26-DATABRICKS"", ""order_id"": ""4973437a-bf40-4251-bc1d-a90fa46e8105"", ""error_msg"": ""not found"", ""batch_number"": 1, ""logger"": ""__main__""}"
2025-12-26 08:46:25.426,"{""ts"": ""2025-12-26T08:46:25.308404+00:00"", ""level"": ""WARNING"", ""service"": ""dora-bot"", ""env"": ""prod"", ""bot_version"": ""unknown"", ""bot_run_id"": ""20251226-010945-5de626"", ""message"": ""Cancel failed"", ""event_type"": ""BATCH_CANCEL_FAILED"", ""decision_id"": ""20251226-010945-5de626:BATCH_CANCEL:741"", ""market"": ""KXWCCREG-26-GONZ"", ""order_id"": ""c4cd0302-2060-4393-9e62-6726e3fc327a"", ""error_msg"": ""not found"", ""batch_number"": 1, ""logger"": ""__main__""}"
2025-12-26 08:46:25.426,"{""ts"": ""2025-12-26T08:46:25.308434+00:00"", ""level"": ""WARNING"", ""service"": ""dora-bot"", ""env"": ""prod"", ""bot_version"": ""unknown"", ""bot_run_id"": ""20251226-010945-5de626"", ""message"": ""Cancel failed"", ""event_type"": ""BATCH_CANCEL_FAILED"", ""decision_id"": ""20251226-010945-5de626:BATCH_CANCEL:741"", ""market"": ""KXNEXTCOACHOUTNFL-26-2-LV"", ""order_id"": ""0b8fb14f-7a57-4268-a132-5c4954341d1e"", ""error_msg"": ""not found"", ""batch_number"": 1, ""logger"": ""__main__""}"
2025-12-26 08:46:25.426,"{""ts"": ""2025-12-26T08:46:25.308462+00:00"", ""level"": ""WARNING"", ""service"": ""dora-bot"", ""env"": ""prod"", ""bot_version"": ""unknown"", ""bot_run_id"": ""20251226-010945-5de626"", ""message"": ""Cancel failed"", ""event_type"": ""BATCH_CANCEL_FAILED"", ""decision_id"": ""20251226-010945-5de626:BATCH_CANCEL:741"", ""market"": ""KXIPO-26-RIPPLE"", ""order_id"": ""f794d5ad-4aec-4add-83d0-2b55a00b4226"", ""error_msg"": ""not found"", ""batch_number"": 1, ""logger"": ""__main__""}"
2025-12-26 08:46:25.426,"{""ts"": ""2025-12-26T08:46:25.308490+00:00"", ""level"": ""WARNING"", ""service"": ""dora-bot"", ""env"": ""prod"", ""bot_version"": ""unknown"", ""bot_run_id"": ""20251226-010945-5de626"", ""message"": ""Cancel failed"", ""event_type"": ""BATCH_CANCEL_FAILED"", ""decision_id"": ""20251226-010945-5de626:BATCH_CANCEL:741"", ""market"": ""KXIPO-26-RIPPLE"", ""order_id"": ""fa56094a-9d5e-4542-8e96-8c5f972ff636"", ""error_msg"": ""not found"", ""batch_number"": 1, ""logger"": ""__main__""}"
2025-12-26 08:46:21.416,"{""ts"": ""2025-12-26T08:46:20.950347+00:00"", ""level"": ""WARNING"", ""service"": ""dora-bot"", ""env"": ""prod"", ""bot_version"": ""unknown"", ""bot_run_id"": ""20251226-010945-5de626"", ""message"": ""Order state drift detected"", ""event_type"": ""LOG"", ""loop_count"": 741, ""stale_local_orders"": 4, ""untracked_exchange_orders"": 5, ""logger"": ""__main__""}"
2025-12-26 08:46:21.165,"{""ts"": ""2025-12-26T08:46:20.949616+00:00"", ""level"": ""WARNING"", ""service"": ""dora-bot"", ""env"": ""prod"", ""bot_version"": ""unknown"", ""bot_run_id"": ""20251226-010945-5de626"", ""message"": ""Order in local state but not on exchange (stale)"", ""event_type"": ""LOG"", ""market"": ""KXIPO-26-RIPPLE"", ""order_id"": ""d0021328-0313-4719-8cae-6f282bbf3a74"", ""side"": ""yes"", ""price"": 0.33, ""size"": 10, ""logger"": ""dora_bot.state_manager""}"
2025-12-26 08:46:21.165,"{""ts"": ""2025-12-26T08:46:20.949663+00:00"", ""level"": ""WARNING"", ""service"": ""dora-bot"", ""env"": ""prod"", ""bot_version"": ""unknown"", ""bot_run_id"": ""20251226-010945-5de626"", ""message"": ""Order in local state but not on exchange (stale)"", ""event_type"": ""LOG"", ""market"": ""KXNEXTCOACHOUTNFL-26-2-LV"", ""order_id"": ""93f5d4d1-ac84-4568-a9d1-0fcaa47e3ee1"", ""side"": ""yes"", ""price"": 0.26, ""size"": 10, ""logger"": ""dora_bot.state_manager""}"
2025-12-26 08:46:21.165,"{""ts"": ""2025-12-26T08:46:20.949696+00:00"", ""level"": ""WARNING"", ""service"": ""dora-bot"", ""env"": ""prod"", ""bot_version"": ""unknown"", ""bot_run_id"": ""20251226-010945-5de626"", ""message"": ""Order in local state but not on exchange (stale)"", ""event_type"": ""LOG"", ""market"": ""KXIPO-26-RIPPLE"", ""order_id"": ""a91e688e-9216-4e61-82cb-ca8391f9efa1"", ""side"": ""no"", ""price"": 0.39, ""size"": 10, ""logger"": ""dora_bot.state_manager""}"
2025-12-26 08:46:21.165,"{""ts"": ""2025-12-26T08:46:20.949733+00:00"", ""level"": ""WARNING"", ""service"": ""dora-bot"", ""env"": ""prod"", ""bot_version"": ""unknown"", ""bot_run_id"": ""20251226-010945-5de626"", ""message"": ""Order in local state but not on exchange (stale)"", ""event_type"": ""LOG"", ""market"": ""KXWCCREG-26-GONZ"", ""order_id"": ""058f66bc-53f8-40d9-b3e4-7fdc5a3161ff"", ""side"": ""yes"", ""price"": 0.56, ""size"": 10, ""logger"": ""dora_bot.state_manager""}"
2025-12-26 08:46:21.165,"{""ts"": ""2025-12-26T08:46:20.949850+00:00"", ""level"": ""WARNING"", ""service"": ""dora-bot"", ""env"": ""prod"", ""bot_version"": ""unknown"", ""bot_run_id"": ""20251226-010945-5de626"", ""message"": ""Order on exchange but not in local state (untracked)"", ""event_type"": ""LOG"", ""market"": ""KXWCCREG-26-GONZ"", ""order_id"": ""c4cd0302-2060-4393-9e62-6726e3fc327a"", ""side"": ""yes"", ""price"": 0.57, ""size"": 10, ""logger"": ""dora_bot.state_manager""}"
2025-12-26 08:46:21.165,"{""ts"": ""2025-12-26T08:46:20.949879+00:00"", ""level"": ""WARNING"", ""service"": ""dora-bot"", ""env"": ""prod"", ""bot_version"": ""unknown"", ""bot_run_id"": ""20251226-010945-5de626"", ""message"": ""Order on exchange but not in local state (untracked)"", ""event_type"": ""LOG"", ""market"": ""KXIPO-26-RIPPLE"", ""order_id"": ""f794d5ad-4aec-4add-83d0-2b55a00b4226"", ""side"": ""no"", ""price"": 0.38, ""size"": 10, ""logger"": ""dora_bot.state_manager""}"
2025-12-26 08:46:21.165,"{""ts"": ""2025-12-26T08:46:20.949928+00:00"", ""level"": ""WARNING"", ""service"": ""dora-bot"", ""env"": ""prod"", ""bot_version"": ""unknown"", ""bot_run_id"": ""20251226-010945-5de626"", ""message"": ""Order on exchange but not in local state (untracked)"", ""event_type"": ""LOG"", ""market"": ""KXIPO-26-DATABRICKS"", ""order_id"": ""4973437a-bf40-4251-bc1d-a90fa46e8105"", ""side"": ""no"", ""price"": 0.57, ""size"": 10, ""logger"": ""dora_bot.state_manager""}"
2025-12-26 08:46:21.165,"{""ts"": ""2025-12-26T08:46:20.949979+00:00"", ""level"": ""WARNING"", ""service"": ""dora-bot"", ""env"": ""prod"", ""bot_version"": ""unknown"", ""bot_run_id"": ""20251226-010945-5de626"", ""message"": ""Order on exchange but not in local state (untracked)"", ""event_type"": ""LOG"", ""market"": ""KXIPO-26-RIPPLE"", ""order_id"": ""fa56094a-9d5e-4542-8e96-8c5f972ff636"", ""side"": ""yes"", ""price"": 0.34, ""size"": 10, ""logger"": ""dora_bot.state_manager""}"
2025-12-26 08:46:21.165,"{""ts"": ""2025-12-26T08:46:20.950007+00:00"", ""level"": ""WARNING"", ""service"": ""dora-bot"", ""env"": ""prod"", ""bot_version"": ""unknown"", ""bot_run_id"": ""20251226-010945-5de626"", ""message"": ""Order on exchange but not in local state (untracked)"", ""event_type"": ""LOG"", ""market"": ""KXNEXTCOACHOUTNFL-26-2-LV"", ""order_id"": ""0b8fb14f-7a57-4268-a132-5c4954341d1e"", ""side"": ""yes"", ""price"": 0.27, ""size"": 10, ""logger"": ""dora_bot.state_manager""}"
2025-12-26 08:45:53.810,"{""ts"": ""2025-12-26T08:45:49.001386+00:00"", ""level"": ""WARNING"", ""service"": ""dora-bot"", ""env"": ""prod"", ""bot_version"": ""unknown"", ""bot_run_id"": ""20251226-010945-5de626"", ""message"": ""Loop exceeded target duration"", ""event_type"": ""LOG"", ""loop_duration_ms"": 37369.160652160645, ""target_ms"": 10000.0, ""logger"": ""__main__""}"
2025-12-26 08:45:49.091,"{""ts"": ""2025-12-26T08:45:47.932188+00:00"", ""level"": ""WARNING"", ""service"": ""dora-bot"", ""env"": ""prod"", ""bot_version"": ""unknown"", ""bot_run_id"": ""20251226-010945-5de626"", ""message"": ""Some cancellations failed"", ""event_type"": ""LOG"", ""succeeded"": 5, ""failed"": 2, ""logger"": ""__main__""}"
2025-12-26 08:45:48.089,"{""ts"": ""2025-12-26T08:45:47.931891+00:00"", ""level"": ""WARNING"", ""service"": ""dora-bot"", ""env"": ""prod"", ""bot_version"": ""unknown"", ""bot_run_id"": ""20251226-010945-5de626"", ""message"": ""Batch cancel - order failed"", ""event_type"": ""BATCH_CANCEL_FAILED"", ""decision_id"": ""20251226-010945-5de626:BATCH_CANCEL:740"", ""order_id"": ""058f66bc-53f8-40d9-b3e4-7fdc5a3161ff"", ""error_msg"": ""not found"", ""error_code"": ""not_found"", ""logger"": ""dora_bot.exchange_client""}"
2025-12-26 08:45:48.089,"{""ts"": ""2025-12-26T08:45:47.931987+00:00"", ""level"": ""WARNING"", ""service"": ""dora-bot"", ""env"": ""prod"", ""bot_version"": ""unknown"", ""bot_run_id"": ""20251226-010945-5de626"", ""message"": ""Batch cancel - order failed"", ""event_type"": ""BATCH_CANCEL_FAILED"", ""decision_id"": ""20251226-010945-5de626:BATCH_CANCEL:740"", ""order_id"": ""93f5d4d1-ac84-4568-a9d1-0fcaa47e3ee1"", ""error_msg"": ""not found"", ""error_code"": ""not_found"", ""logger"": ""dora_bot.exchange_client""}"
2025-12-26 08:45:48.089,"{""ts"": ""2025-12-26T08:45:47.932080+00:00"", ""level"": ""WARNING"", ""service"": ""dora-bot"", ""env"": ""prod"", ""bot_version"": ""unknown"", ""bot_run_id"": ""20251226-010945-5de626"", ""message"": ""Cancel failed"", ""event_type"": ""BATCH_CANCEL_FAILED"", ""decision_id"": ""20251226-010945-5de626:BATCH_CANCEL:740"", ""market"": ""KXWCCREG-26-GONZ"", ""order_id"": ""058f66bc-53f8-40d9-b3e4-7fdc5a3161ff"", ""error_msg"": ""not found"", ""batch_number"": 1, ""logger"": ""__main__""}"
2025-12-26 08:45:48.089,"{""ts"": ""2025-12-26T08:45:47.932114+00:00"", ""level"": ""WARNING"", ""service"": ""dora-bot"", ""env"": ""prod"", ""bot_version"": ""unknown"", ""bot_run_id"": ""20251226-010945-5de626"", ""message"": ""Cancel failed"", ""event_type"": ""BATCH_CANCEL_FAILED"", ""decision_id"": ""20251226-010945-5de626:BATCH_CANCEL:740"", ""market"": ""KXNEXTCOACHOUTNFL-26-2-LV"", ""order_id"": ""93f5d4d1-ac84-4568-a9d1-0fcaa47e3ee1"", ""error_msg"": ""not found"", ""batch_number"": 1, ""logger"": ""__main__""}"
2025-12-26 08:45:43.829,"{""ts"": ""2025-12-26T08:45:43.543447+00:00"", ""level"": ""WARNING"", ""service"": ""dora-bot"", ""env"": ""prod"", ""bot_version"": ""unknown"", ""bot_run_id"": ""20251226-010945-5de626"", ""message"": ""Order state drift detected"", ""event_type"": ""LOG"", ""loop_count"": 740, ""stale_local_orders"": 0, ""untracked_exchange_orders"": 4, ""logger"": ""__main__""}"
2025-12-26 08:45:43.578,"{""ts"": ""2025-12-26T08:45:43.543207+00:00"", ""level"": ""WARNING"", ""service"": ""dora-bot"", ""env"": ""prod"", ""bot_version"": ""unknown"", ""bot_run_id"": ""20251226-010945-5de626"", ""message"": ""Order on exchange but not in local state (untracked)"", ""event_type"": ""LOG"", ""market"": ""KXIPO-26-RIPPLE"", ""order_id"": ""d0021328-0313-4719-8cae-6f282bbf3a74"", ""side"": ""yes"", ""price"": 0.33, ""size"": 10, ""logger"": ""dora_bot.state_manager""}"
2025-12-26 08:45:43.578,"{""ts"": ""2025-12-26T08:45:43.543246+00:00"", ""level"": ""WARNING"", ""service"": ""dora-bot"", ""env"": ""prod"", ""bot_version"": ""unknown"", ""bot_run_id"": ""20251226-010945-5de626"", ""message"": ""Order on exchange but not in local state (untracked)"", ""event_type"": ""LOG"", ""market"": ""KXIPO-26-RIPPLE"", ""order_id"": ""a91e688e-9216-4e61-82cb-ca8391f9efa1"", ""side"": ""no"", ""price"": 0.39, ""size"": 10, ""logger"": ""dora_bot.state_manager""}"
2025-12-26 08:45:43.578,"{""ts"": ""2025-12-26T08:45:43.543280+00:00"", ""level"": ""WARNING"", ""service"": ""dora-bot"", ""env"": ""prod"", ""bot_version"": ""unknown"", ""bot_run_id"": ""20251226-010945-5de626"", ""message"": ""Order on exchange but not in local state (untracked)"", ""event_type"": ""LOG"", ""market"": ""KXWCCREG-26-GONZ"", ""order_id"": ""058f66bc-53f8-40d9-b3e4-7fdc5a3161ff"", ""side"": ""yes"", ""price"": 0.56, ""size"": 10, ""logger"": ""dora_bot.state_manager""}"
2025-12-26 08:45:43.578,"{""ts"": ""2025-12-26T08:45:43.543308+00:00"", ""level"": ""WARNING"", ""service"": ""dora-bot"", ""env"": ""prod"", ""bot_version"": ""unknown"", ""bot_run_id"": ""20251226-010945-5de626"", ""message"": ""Order on exchange but not in local state (untracked)"", ""event_type"": ""LOG"", ""market"": ""KXNEXTCOACHOUTNFL-26-2-LV"", ""order_id"": ""93f5d4d1-ac84-4568-a9d1-0fcaa47e3ee1"", ""side"": ""yes"", ""price"": 0.26, ""size"": 10, ""logger"": ""dora_bot.state_manager""}"
2025-12-26 08:45:11.755,"{""ts"": ""2025-12-26T08:45:11.632136+00:00"", ""level"": ""WARNING"", ""service"": ""dora-bot"", ""env"": ""prod"", ""bot_version"": ""unknown"", ""bot_run_id"": ""20251226-010945-5de626"", ""message"": ""Loop exceeded target duration"", ""event_type"": ""LOG"", ""loop_duration_ms"": 37257.195234298706, ""target_ms"": 10000.0, ""logger"": ""__main__""}"
2025-12-26 08:45:06.491,"{""ts"": ""2025-12-26T08:45:06.185827+00:00"", ""level"": ""WARNING"", ""service"": ""dora-bot"", ""env"": ""prod"", ""bot_version"": ""unknown"", ""bot_run_id"": ""20251226-010945-5de626"", ""message"": ""Order state drift detected"", ""event_type"": ""LOG"", ""loop_count"": 739, ""stale_local_orders"": 4, ""untracked_exchange_orders"": 0, ""logger"": ""__main__""}"
2025-12-26 08:45:06.241,"{""ts"": ""2025-12-26T08:45:06.185369+00:00"", ""level"": ""WARNING"", ""service"": ""dora-bot"", ""env"": ""prod"", ""bot_version"": ""unknown"", ""bot_run_id"": ""20251226-010945-5de626"", ""message"": ""Order in local state but not on exchange (stale)"", ""event_type"": ""LOG"", ""market"": ""KXIPO-26-DATABRICKS"", ""order_id"": ""7da96a48-09b8-4ce0-a25b-84f8dffba3bd"", ""side"": ""yes"", ""price"": 0.53, ""size"": 10, ""logger"": ""dora_bot.state_manager""}"
2025-12-26 08:45:06.240,"{""ts"": ""2025-12-26T08:45:06.185256+00:00"", ""level"": ""WARNING"", ""service"": ""dora-bot"", ""env"": ""prod"", ""bot_version"": ""unknown"", ""bot_run_id"": ""20251226-010945-5de626"", ""message"": ""Order in local state but not on exchange (stale)"", ""event_type"": ""LOG"", ""market"": ""KXIPO-26-DATABRICKS"", ""order_id"": ""77a1266a-ebdd-4710-a8b6-f71debbed945"", ""side"": ""no"", ""price"": 0.57, ""size"": 10, ""logger"": ""dora_bot.state_manager""}"
2025-12-26 08:45:06.240,"{""ts"": ""2025-12-26T08:45:06.185304+00:00"", ""level"": ""WARNING"", ""service"": ""dora-bot"", ""env"": ""prod"", ""bot_version"": ""unknown"", ""bot_run_id"": ""20251226-010945-5de626"", ""message"": ""Order in local state but not on exchange (stale)"", ""event_type"": ""LOG"", ""market"": ""KXWCCREG-26-GONZ"", ""order_id"": ""4df42cfa-cb2c-43e8-b7cb-8c210cf695f4"", ""side"": ""yes"", ""price"": 0.52, ""size"": 10, ""logger"": ""dora_bot.state_manager""}"
2025-12-26 08:45:06.240,"{""ts"": ""2025-12-26T08:45:06.185338+00:00"", ""level"": ""WARNING"", ""service"": ""dora-bot"", ""env"": ""prod"", ""bot_version"": ""unknown"", ""bot_run_id"": ""20251226-010945-5de626"", ""message"": ""Order in local state but not on exchange (stale)"", ""event_type"": ""LOG"", ""market"": ""KXNEXTCOACHOUTNFL-26-2-LV"", ""order_id"": ""494c79ce-3911-412f-82c7-b42ca0bb1e4a"", ""side"": ""yes"", ""price"": 0.24, ""size"": 10, ""logger"": ""dora_bot.state_manager""}"
2025-12-26 08:44:38.810,"{""ts"": ""2025-12-26T08:44:34.374760+00:00"", ""level"": ""WARNING"", ""service"": ""dora-bot"", ""env"": ""prod"", ""bot_version"": ""unknown"", ""bot_run_id"": ""20251226-010945-5de626"", ""message"": ""Loop exceeded target duration"", ""event_type"": ""LOG"", ""loop_duration_ms"": 37365.31472206116, ""target_ms"": 10000.0, ""logger"": ""__main__""}"
2025-12-26 08:44:34.407,"{""ts"": ""2025-12-26T08:44:33.312012+00:00"", ""level"": ""WARNING"", ""service"": ""dora-bot"", ""env"": ""prod"", ""bot_version"": ""unknown"", ""bot_run_id"": ""20251226-010945-5de626"", ""message"": ""Some cancellations failed"", ""event_type"": ""LOG"", ""succeeded"": 2, ""failed"": 3, ""logger"": ""__main__""}"
2025-12-26 08:44:33.403,"{""ts"": ""2025-12-26T08:44:33.311659+00:00"", ""level"": ""WARNING"", ""service"": ""dora-bot"", ""env"": ""prod"", ""bot_version"": ""unknown"", ""bot_run_id"": ""20251226-010945-5de626"", ""message"": ""Batch cancel - order failed"", ""event_type"": ""BATCH_CANCEL_FAILED"", ""decision_id"": ""20251226-010945-5de626:BATCH_CANCEL:738"", ""order_id"": ""77a1266a-ebdd-4710-a8b6-f71debbed945"", ""error_msg"": ""not found"", ""error_code"": ""not_found"", ""logger"": ""dora_bot.exchange_client""}"
2025-12-26 08:44:33.403,"{""ts"": ""2025-12-26T08:44:33.311760+00:00"", ""level"": ""WARNING"", ""service"": ""dora-bot"", ""env"": ""prod"", ""bot_version"": ""unknown"", ""bot_run_id"": ""20251226-010945-5de626"", ""message"": ""Batch cancel - order failed"", ""event_type"": ""BATCH_CANCEL_FAILED"", ""decision_id"": ""20251226-010945-5de626:BATCH_CANCEL:738"", ""order_id"": ""4df42cfa-cb2c-43e8-b7cb-8c210cf695f4"", ""error_msg"": ""not found"", ""error_code"": ""not_found"", ""logger"": ""dora_bot.exchange_client""}"
2025-12-26 08:44:33.403,"{""ts"": ""2025-12-26T08:44:33.311799+00:00"", ""level"": ""WARNING"", ""service"": ""dora-bot"", ""env"": ""prod"", ""bot_version"": ""unknown"", ""bot_run_id"": ""20251226-010945-5de626"", ""message"": ""Batch cancel - order failed"", ""event_type"": ""BATCH_CANCEL_FAILED"", ""decision_id"": ""20251226-010945-5de626:BATCH_CANCEL:738"", ""order_id"": ""494c79ce-3911-412f-82c7-b42ca0bb1e4a"", ""error_msg"": ""not found"", ""error_code"": ""not_found"", ""logger"": ""dora_bot.exchange_client""}"
2025-12-26 08:44:33.403,"{""ts"": ""2025-12-26T08:44:33.311882+00:00"", ""level"": ""WARNING"", ""service"": ""dora-bot"", ""env"": ""prod"", ""bot_version"": ""unknown"", ""bot_run_id"": ""20251226-010945-5de626"", ""message"": ""Cancel failed"", ""event_type"": ""BATCH_CANCEL_FAILED"", ""decision_id"": ""20251226-010945-5de626:BATCH_CANCEL:738"", ""market"": ""KXIPO-26-DATABRICKS"", ""order_id"": ""77a1266a-ebdd-4710-a8b6-f71debbed945"", ""error_msg"": ""not found"", ""batch_number"": 1, ""logger"": ""__main__""}"
2025-12-26 08:44:33.403,"{""ts"": ""2025-12-26T08:44:33.311917+00:00"", ""level"": ""WARNING"", ""service"": ""dora-bot"", ""env"": ""prod"", ""bot_version"": ""unknown"", ""bot_run_id"": ""20251226-010945-5de626"", ""message"": ""Cancel failed"", ""event_type"": ""BATCH_CANCEL_FAILED"", ""decision_id"": ""20251226-010945-5de626:BATCH_CANCEL:738"", ""market"": ""KXWCCREG-26-GONZ"", ""order_id"": ""4df42cfa-cb2c-43e8-b7cb-8c210cf695f4"", ""error_msg"": ""not found"", ""batch_number"": 1, ""logger"": ""__main__""}"
2025-12-26 08:44:33.403,"{""ts"": ""2025-12-26T08:44:33.311948+00:00"", ""level"": ""WARNING"", ""service"": ""dora-bot"", ""env"": ""prod"", ""bot_version"": ""unknown"", ""bot_run_id"": ""20251226-010945-5de626"", ""message"": ""Cancel failed"", ""event_type"": ""BATCH_CANCEL_FAILED"", ""decision_id"": ""20251226-010945-5de626:BATCH_CANCEL:738"", ""market"": ""KXNEXTCOACHOUTNFL-26-2-LV"", ""order_id"": ""494c79ce-3911-412f-82c7-b42ca0bb1e4a"", ""error_msg"": ""not found"", ""batch_number"": 1, ""logger"": ""__main__""}"
2025-12-26 08:44:29.392,"{""ts"": ""2025-12-26T08:44:28.992381+00:00"", ""level"": ""WARNING"", ""service"": ""dora-bot"", ""env"": ""prod"", ""bot_version"": ""unknown"", ""bot_run_id"": ""20251226-010945-5de626"", ""message"": ""Order state drift detected"", ""event_type"": ""LOG"", ""loop_count"": 738, ""stale_local_orders"": 4, ""untracked_exchange_orders"": 4, ""logger"": ""__main__""}"
2025-12-26 08:44:29.141,"{""ts"": ""2025-12-26T08:44:28.991741+00:00"", ""level"": ""WARNING"", ""service"": ""dora-bot"", ""env"": ""prod"", ""bot_version"": ""unknown"", ""bot_run_id"": ""20251226-010945-5de626"", ""message"": ""Order in local state but not on exchange (stale)"", ""event_type"": ""LOG"", ""market"": ""KXIPO-26-RIPPLE"", ""order_id"": ""b1516a89-8f61-445c-ae3e-d526c4914bf0"", ""side"": ""yes"", ""price"": 0.34, ""size"": 10, ""logger"": ""dora_bot.state_manager""}"
2025-12-26 08:44:29.141,"{""ts"": ""2025-12-26T08:44:28.991786+00:00"", ""level"": ""WARNING"", ""service"": ""dora-bot"", ""env"": ""prod"", ""bot_version"": ""unknown"", ""bot_run_id"": ""20251226-010945-5de626"", ""message"": ""Order in local state but not on exchange (stale)"", ""event_type"": ""LOG"", ""market"": ""KXIPO-26-RIPPLE"", ""order_id"": ""d408d2d2-bc9c-4ccc-b8e0-05668adf2f1d"", ""side"": ""no"", ""price"": 0.38, ""size"": 10, ""logger"": ""dora_bot.state_manager""}"
2025-12-26 08:44:29.141,"{""ts"": ""2025-12-26T08:44:28.991817+00:00"", ""level"": ""WARNING"", ""service"": ""dora-bot"", ""env"": ""prod"", ""bot_version"": ""unknown"", ""bot_run_id"": ""20251226-010945-5de626"", ""message"": ""Order in local state but not on exchange (stale)"", ""event_type"": ""LOG"", ""market"": ""KXNEXTCOACHOUTNFL-26-2-LV"", ""order_id"": ""5a292e88-9c05-43e9-8458-8f36588d1714"", ""side"": ""yes"", ""price"": 0.23, ""size"": 10, ""logger"": ""dora_bot.state_manager""}"
2025-12-26 08:44:29.141,"{""ts"": ""2025-12-26T08:44:28.991848+00:00"", ""level"": ""WARNING"", ""service"": ""dora-bot"", ""env"": ""prod"", ""bot_version"": ""unknown"", ""bot_run_id"": ""20251226-010945-5de626"", ""message"": ""Order in local state but not on exchange (stale)"", ""event_type"": ""LOG"", ""market"": ""KXWCCREG-26-GONZ"", ""order_id"": ""6a0283c9-dec7-48f2-aec9-af80f966d58c"", ""side"": ""yes"", ""price"": 0.5, ""size"": 10, ""logger"": ""dora_bot.state_manager""}"
2025-12-26 08:44:29.141,"{""ts"": ""2025-12-26T08:44:28.992129+00:00"", ""level"": ""WARNING"", ""service"": ""dora-bot"", ""env"": ""prod"", ""bot_version"": ""unknown"", ""bot_run_id"": ""20251226-010945-5de626"", ""message"": ""Order on exchange but not in local state (untracked)"", ""event_type"": ""LOG"", ""market"": ""KXIPO-26-DATABRICKS"", ""order_id"": ""77a1266a-ebdd-4710-a8b6-f71debbed945"", ""side"": ""no"", ""price"": 0.57, ""size"": 10, ""logger"": ""dora_bot.state_manager""}"
2025-12-26 08:44:29.141,"{""ts"": ""2025-12-26T08:44:28.992159+00:00"", ""level"": ""WARNING"", ""service"": ""dora-bot"", ""env"": ""prod"", ""bot_version"": ""unknown"", ""bot_run_id"": ""20251226-010945-5de626"", ""message"": ""Order on exchange but not in local state (untracked)"", ""event_type"": ""LOG"", ""market"": ""KXNEXTCOACHOUTNFL-26-2-LV"", ""order_id"": ""494c79ce-3911-412f-82c7-b42ca0bb1e4a"", ""side"": ""yes"", ""price"": 0.24, ""size"": 10, ""logger"": ""dora_bot.state_manager""}"
2025-12-26 08:44:29.141,"{""ts"": ""2025-12-26T08:44:28.992188+00:00"", ""level"": ""WARNING"", ""service"": ""dora-bot"", ""env"": ""prod"", ""bot_version"": ""unknown"", ""bot_run_id"": ""20251226-010945-5de626"", ""message"": ""Order on exchange but not in local state (untracked)"", ""event_type"": ""LOG"", ""market"": ""KXWCCREG-26-GONZ"", ""order_id"": ""4df42cfa-cb2c-43e8-b7cb-8c210cf695f4"", ""side"": ""yes"", ""price"": 0.52, ""size"": 10, ""logger"": ""dora_bot.state_manager""}"
2025-12-26 08:44:29.141,"{""ts"": ""2025-12-26T08:44:28.992216+00:00"", ""level"": ""WARNING"", ""service"": ""dora-bot"", ""env"": ""prod"", ""bot_version"": ""unknown"", ""bot_run_id"": ""20251226-010945-5de626"", ""message"": ""Order on exchange but not in local state (untracked)"", ""event_type"": ""LOG"", ""market"": ""KXIPO-26-DATABRICKS"", ""order_id"": ""7da96a48-09b8-4ce0-a25b-84f8dffba3bd"", ""side"": ""yes"", ""price"": 0.53, ""size"": 10, ""logger"": ""dora_bot.state_manager""}"
2025-12-26 08:44:01.810,"{""ts"": ""2025-12-26T08:43:57.009344+00:00"", ""level"": ""WARNING"", ""service"": ""dora-bot"", ""env"": ""prod"", ""bot_version"": ""unknown"", ""bot_run_id"": ""20251226-010945-5de626"", ""message"": ""Loop exceeded target duration"", ""event_type"": ""LOG"", ""loop_duration_ms"": 38170.788049697876, ""target_ms"": 10000.0, ""logger"": ""__main__""}"
2025-12-26 08:43:57.062,"{""ts"": ""2025-12-26T08:43:55.974627+00:00"", ""level"": ""WARNING"", ""service"": ""dora-bot"", ""env"": ""prod"", ""bot_version"": ""unknown"", ""bot_run_id"": ""20251226-010945-5de626"", ""message"": ""Some cancellations failed"", ""event_type"": ""LOG"", ""succeeded"": 4, ""failed"": 4, ""logger"": ""__main__""}"
2025-12-26 08:43:56.059,"{""ts"": ""2025-12-26T08:43:55.974178+00:00"", ""level"": ""WARNING"", ""service"": ""dora-bot"", ""env"": ""prod"", ""bot_version"": ""unknown"", ""bot_run_id"": ""20251226-010945-5de626"", ""message"": ""Batch cancel - order failed"", ""event_type"": ""BATCH_CANCEL_FAILED"", ""decision_id"": ""20251226-010945-5de626:BATCH_CANCEL:737"", ""order_id"": ""6a0283c9-dec7-48f2-aec9-af80f966d58c"", ""error_msg"": ""not found"", ""error_code"": ""not_found"", ""logger"": ""dora_bot.exchange_client""}"
2025-12-26 08:43:56.059,"{""ts"": ""2025-12-26T08:43:55.974303+00:00"", ""level"": ""WARNING"", ""service"": ""dora-bot"", ""env"": ""prod"", ""bot_version"": ""unknown"", ""bot_run_id"": ""20251226-010945-5de626"", ""message"": ""Batch cancel - order failed"", ""event_type"": ""BATCH_CANCEL_FAILED"", ""decision_id"": ""20251226-010945-5de626:BATCH_CANCEL:737"", ""order_id"": ""5a292e88-9c05-43e9-8458-8f36588d1714"", ""error_msg"": ""not found"", ""error_code"": ""not_found"", ""logger"": ""dora_bot.exchange_client""}"
2025-12-26 08:43:56.059,"{""ts"": ""2025-12-26T08:43:55.974342+00:00"", ""level"": ""WARNING"", ""service"": ""dora-bot"", ""env"": ""prod"", ""bot_version"": ""unknown"", ""bot_run_id"": ""20251226-010945-5de626"", ""message"": ""Batch cancel - order failed"", ""event_type"": ""BATCH_CANCEL_FAILED"", ""decision_id"": ""20251226-010945-5de626:BATCH_CANCEL:737"", ""order_id"": ""d408d2d2-bc9c-4ccc-b8e0-05668adf2f1d"", ""error_msg"": ""not found"", ""error_code"": ""not_found"", ""logger"": ""dora_bot.exchange_client""}"
2025-12-26 08:43:56.059,"{""ts"": ""2025-12-26T08:43:55.974373+00:00"", ""level"": ""WARNING"", ""service"": ""dora-bot"", ""env"": ""prod"", ""bot_version"": ""unknown"", ""bot_run_id"": ""20251226-010945-5de626"", ""message"": ""Batch cancel - order failed"", ""event_type"": ""BATCH_CANCEL_FAILED"", ""decision_id"": ""20251226-010945-5de626:BATCH_CANCEL:737"", ""order_id"": ""b1516a89-8f61-445c-ae3e-d526c4914bf0"", ""error_msg"": ""not found"", ""error_code"": ""not_found"", ""logger"": ""dora_bot.exchange_client""}"
2025-12-26 08:43:56.059,"{""ts"": ""2025-12-26T08:43:55.974456+00:00"", ""level"": ""WARNING"", ""service"": ""dora-bot"", ""env"": ""prod"", ""bot_version"": ""unknown"", ""bot_run_id"": ""20251226-010945-5de626"", ""message"": ""Cancel failed"", ""event_type"": ""BATCH_CANCEL_FAILED"", ""decision_id"": ""20251226-010945-5de626:BATCH_CANCEL:737"", ""market"": ""KXWCCREG-26-GONZ"", ""order_id"": ""6a0283c9-dec7-48f2-aec9-af80f966d58c"", ""error_msg"": ""not found"", ""batch_number"": 1, ""logger"": ""__main__""}"
2025-12-26 08:43:56.059,"{""ts"": ""2025-12-26T08:43:55.974491+00:00"", ""level"": ""WARNING"", ""service"": ""dora-bot"", ""env"": ""prod"", ""bot_version"": ""unknown"", ""bot_run_id"": ""20251226-010945-5de626"", ""message"": ""Cancel failed"", ""event_type"": ""BATCH_CANCEL_FAILED"", ""decision_id"": ""20251226-010945-5de626:BATCH_CANCEL:737"", ""market"": ""KXNEXTCOACHOUTNFL-26-2-LV"", ""order_id"": ""5a292e88-9c05-43e9-8458-8f36588d1714"", ""error_msg"": ""not found"", ""batch_number"": 1, ""logger"": ""__main__""}"
2025-12-26 08:43:56.059,"{""ts"": ""2025-12-26T08:43:55.974522+00:00"", ""level"": ""WARNING"", ""service"": ""dora-bot"", ""env"": ""prod"", ""bot_version"": ""unknown"", ""bot_run_id"": ""20251226-010945-5de626"", ""message"": ""Cancel failed"", ""event_type"": ""BATCH_CANCEL_FAILED"", ""decision_id"": ""20251226-010945-5de626:BATCH_CANCEL:737"", ""market"": ""KXIPO-26-RIPPLE"", ""order_id"": ""d408d2d2-bc9c-4ccc-b8e0-05668adf2f1d"", ""error_msg"": ""not found"", ""batch_number"": 1, ""logger"": ""__main__""}"
2025-12-26 08:43:56.059,"{""ts"": ""2025-12-26T08:43:55.974558+00:00"", ""level"": ""WARNING"", ""service"": ""dora-bot"", ""env"": ""prod"", ""bot_version"": ""unknown"", ""bot_run_id"": ""20251226-010945-5de626"", ""message"": ""Cancel failed"", ""event_type"": ""BATCH_CANCEL_FAILED"", ""decision_id"": ""20251226-010945-5de626:BATCH_CANCEL:737"", ""market"": ""KXIPO-26-RIPPLE"", ""order_id"": ""b1516a89-8f61-445c-ae3e-d526c4914bf0"", ""error_msg"": ""not found"", ""batch_number"": 1, ""logger"": ""__main__""}"
2025-12-26 08:43:52.050,"{""ts"": ""2025-12-26T08:43:51.590628+00:00"", ""level"": ""WARNING"", ""service"": ""dora-bot"", ""env"": ""prod"", ""bot_version"": ""unknown"", ""bot_run_id"": ""20251226-010945-5de626"", ""message"": ""Order state drift detected"", ""event_type"": ""LOG"", ""loop_count"": 737, ""stale_local_orders"": 4, ""untracked_exchange_orders"": 4, ""logger"": ""__main__""}"
2025-12-26 08:43:51.799,"{""ts"": ""2025-12-26T08:43:51.590142+00:00"", ""level"": ""WARNING"", ""service"": ""dora-bot"", ""env"": ""prod"", ""bot_version"": ""unknown"", ""bot_run_id"": ""20251226-010945-5de626"", ""message"": ""Order in local state but not on exchange (stale)"", ""event_type"": ""LOG"", ""market"": ""KXIPO-26-RIPPLE"", ""order_id"": ""166b037e-5ce3-494b-bee0-7c04f23ecfd7"", ""side"": ""no"", ""price"": 0.39, ""size"": 10, ""logger"": ""dora_bot.state_manager""}"
2025-12-26 08:43:51.799,"{""ts"": ""2025-12-26T08:43:51.590189+00:00"", ""level"": ""WARNING"", ""service"": ""dora-bot"", ""env"": ""prod"", ""bot_version"": ""unknown"", ""bot_run_id"": ""20251226-010945-5de626"", ""message"": ""Order in local state but not on exchange (stale)"", ""event_type"": ""LOG"", ""market"": ""KXIPO-26-RIPPLE"", ""order_id"": ""9181f126-4508-419f-8ae2-8da908b15435"", ""side"": ""yes"", ""price"": 0.33, ""size"": 10, ""logger"": ""dora_bot.state_manager""}"
2025-12-26 08:43:51.799,"{""ts"": ""2025-12-26T08:43:51.590231+00:00"", ""level"": ""WARNING"", ""service"": ""dora-bot"", ""env"": ""prod"", ""bot_version"": ""unknown"", ""bot_run_id"": ""20251226-010945-5de626"", ""message"": ""Order in local state but not on exchange (stale)"", ""event_type"": ""LOG"", ""market"": ""KXNEXTCOACHOUTNFL-26-2-LV"", ""order_id"": ""2a37c685-b5dc-4f3c-a796-77f77b0f95eb"", ""side"": ""yes"", ""price"": 0.22, ""size"": 10, ""logger"": ""dora_bot.state_manager""}"
2025-12-26 08:43:51.799,"{""ts"": ""2025-12-26T08:43:51.590262+00:00"", ""level"": ""WARNING"", ""service"": ""dora-bot"", ""env"": ""prod"", ""bot_version"": ""unknown"", ""bot_run_id"": ""20251226-010945-5de626"", ""message"": ""Order in local state but not on exchange (stale)"", ""event_type"": ""LOG"", ""market"": ""KXWCCREG-26-GONZ"", ""order_id"": ""82b8ddfc-2fa9-4dae-8851-d37d67a3ed72"", ""side"": ""yes"", ""price"": 0.48, ""size"": 10, ""logger"": ""dora_bot.state_manager""}"
2025-12-26 08:43:51.799,"{""ts"": ""2025-12-26T08:43:51.590388+00:00"", ""level"": ""WARNING"", ""service"": ""dora-bot"", ""env"": ""prod"", ""bot_version"": ""unknown"", ""bot_run_id"": ""20251226-010945-5de626"", ""message"": ""Order on exchange but not in local state (untracked)"", ""event_type"": ""LOG"", ""market"": ""KXWCCREG-26-GONZ"", ""order_id"": ""6a0283c9-dec7-48f2-aec9-af80f966d58c"", ""side"": ""yes"", ""price"": 0.5, ""size"": 10, ""logger"": ""dora_bot.state_manager""}"
2025-12-26 08:43:51.799,"{""ts"": ""2025-12-26T08:43:51.590430+00:00"", ""level"": ""WARNING"", ""service"": ""dora-bot"", ""env"": ""prod"", ""bot_version"": ""unknown"", ""bot_run_id"": ""20251226-010945-5de626"", ""message"": ""Order on exchange but not in local state (untracked)"", ""event_type"": ""LOG"", ""market"": ""KXIPO-26-RIPPLE"", ""order_id"": ""d408d2d2-bc9c-4ccc-b8e0-05668adf2f1d"", ""side"": ""no"", ""price"": 0.38, ""size"": 10, ""logger"": ""dora_bot.state_manager""}"
2025-12-26 08:43:51.799,"{""ts"": ""2025-12-26T08:43:51.590459+00:00"", ""level"": ""WARNING"", ""service"": ""dora-bot"", ""env"": ""prod"", ""bot_version"": ""unknown"", ""bot_run_id"": ""20251226-010945-5de626"", ""message"": ""Order on exchange but not in local state (untracked)"", ""event_type"": ""LOG"", ""market"": ""KXIPO-26-RIPPLE"", ""order_id"": ""b1516a89-8f61-445c-ae3e-d526c4914bf0"", ""side"": ""yes"", ""price"": 0.34, ""size"": 10, ""logger"": ""dora_bot.state_manager""}"
2025-12-26 08:43:51.799,"{""ts"": ""2025-12-26T08:43:51.590486+00:00"", ""level"": ""WARNING"", ""service"": ""dora-bot"", ""env"": ""prod"", ""bot_version"": ""unknown"", ""bot_run_id"": ""20251226-010945-5de626"", ""message"": ""Order on exchange but not in local state (untracked)"", ""event_type"": ""LOG"", ""market"": ""KXNEXTCOACHOUTNFL-26-2-LV"", ""order_id"": ""5a292e88-9c05-43e9-8458-8f36588d1714"", ""side"": ""yes"", ""price"": 0.23, ""size"": 10, ""logger"": ""dora_bot.state_manager""}"
2025-12-26 08:43:23.810,"{""ts"": ""2025-12-26T08:43:18.838470+00:00"", ""level"": ""WARNING"", ""service"": ""dora-bot"", ""env"": ""prod"", ""bot_version"": ""unknown"", ""bot_run_id"": ""20251226-010945-5de626"", ""message"": ""Loop exceeded target duration"", ""event_type"": ""LOG"", ""loop_duration_ms"": 37329.85210418701, ""target_ms"": 10000.0, ""logger"": ""__main__""}"
2025-12-26 08:43:18.970,"{""ts"": ""2025-12-26T08:43:17.798860+00:00"", ""level"": ""WARNING"", ""service"": ""dora-bot"", ""env"": ""prod"", ""bot_version"": ""unknown"", ""bot_run_id"": ""20251226-010945-5de626"", ""message"": ""Some cancellations failed"", ""event_type"": ""LOG"", ""succeeded"": 4, ""failed"": 2, ""logger"": ""__main__""}"
2025-12-26 08:43:17.968,"{""ts"": ""2025-12-26T08:43:17.798498+00:00"", ""level"": ""WARNING"", ""service"": ""dora-bot"", ""env"": ""prod"", ""bot_version"": ""unknown"", ""bot_run_id"": ""20251226-010945-5de626"", ""message"": ""Batch cancel - order failed"", ""event_type"": ""BATCH_CANCEL_FAILED"", ""decision_id"": ""20251226-010945-5de626:BATCH_CANCEL:736"", ""order_id"": ""82b8ddfc-2fa9-4dae-8851-d37d67a3ed72"", ""error_msg"": ""not found"", ""error_code"": ""not_found"", ""logger"": ""dora_bot.exchange_client""}"
2025-12-26 08:43:17.968,"{""ts"": ""2025-12-26T08:43:17.798590+00:00"", ""level"": ""WARNING"", ""service"": ""dora-bot"", ""env"": ""prod"", ""bot_version"": ""unknown"", ""bot_run_id"": ""20251226-010945-5de626"", ""message"": ""Batch cancel - order failed"", ""event_type"": ""BATCH_CANCEL_FAILED"", ""decision_id"": ""20251226-010945-5de626:BATCH_CANCEL:736"", ""order_id"": ""2a37c685-b5dc-4f3c-a796-77f77b0f95eb"", ""error_msg"": ""not found"", ""error_code"": ""not_found"", ""logger"": ""dora_bot.exchange_client""}"
2025-12-26 08:43:17.968,"{""ts"": ""2025-12-26T08:43:17.798718+00:00"", ""level"": ""WARNING"", ""service"": ""dora-bot"", ""env"": ""prod"", ""bot_version"": ""unknown"", ""bot_run_id"": ""20251226-010945-5de626"", ""message"": ""Cancel failed"", ""event_type"": ""BATCH_CANCEL_FAILED"", ""decision_id"": ""20251226-010945-5de626:BATCH_CANCEL:736"", ""market"": ""KXWCCREG-26-GONZ"", ""order_id"": ""82b8ddfc-2fa9-4dae-8851-d37d67a3ed72"", ""error_msg"": ""not found"", ""batch_number"": 1, ""logger"": ""__main__""}"
2025-12-26 08:43:17.968,"{""ts"": ""2025-12-26T08:43:17.798760+00:00"", ""level"": ""WARNING"", ""service"": ""dora-bot"", ""env"": ""prod"", ""bot_version"": ""unknown"", ""bot_run_id"": ""20251226-010945-5de626"", ""message"": ""Cancel failed"", ""event_type"": ""BATCH_CANCEL_FAILED"", ""decision_id"": ""20251226-010945-5de626:BATCH_CANCEL:736"", ""market"": ""KXNEXTCOACHOUTNFL-26-2-LV"", ""order_id"": ""2a37c685-b5dc-4f3c-a796-77f77b0f95eb"", ""error_msg"": ""not found"", ""batch_number"": 1, ""logger"": ""__main__""}"
2025-12-26 08:43:13.707,"{""ts"": ""2025-12-26T08:43:13.386128+00:00"", ""level"": ""WARNING"", ""service"": ""dora-bot"", ""env"": ""prod"", ""bot_version"": ""unknown"", ""bot_run_id"": ""20251226-010945-5de626"", ""message"": ""Order state drift detected"", ""event_type"": ""LOG"", ""loop_count"": 736, ""stale_local_orders"": 0, ""untracked_exchange_orders"": 4, ""logger"": ""__main__""}"
2025-12-26 08:43:13.457,"{""ts"": ""2025-12-26T08:43:13.385896+00:00"", ""level"": ""WARNING"", ""service"": ""dora-bot"", ""env"": ""prod"", ""bot_version"": ""unknown"", ""bot_run_id"": ""20251226-010945-5de626"", ""message"": ""Order on exchange but not in local state (untracked)"", ""event_type"": ""LOG"", ""market"": ""KXIPO-26-RIPPLE"", ""order_id"": ""166b037e-5ce3-494b-bee0-7c04f23ecfd7"", ""side"": ""no"", ""price"": 0.39, ""size"": 10, ""logger"": ""dora_bot.state_manager""}"
2025-12-26 08:43:13.457,"{""ts"": ""2025-12-26T08:43:13.385927+00:00"", ""level"": ""WARNING"", ""service"": ""dora-bot"", ""env"": ""prod"", ""bot_version"": ""unknown"", ""bot_run_id"": ""20251226-010945-5de626"", ""message"": ""Order on exchange but not in local state (untracked)"", ""event_type"": ""LOG"", ""market"": ""KXNEXTCOACHOUTNFL-26-2-LV"", ""order_id"": ""2a37c685-b5dc-4f3c-a796-77f77b0f95eb"", ""side"": ""yes"", ""price"": 0.22, ""size"": 10, ""logger"": ""dora_bot.state_manager""}"
2025-12-26 08:43:13.457,"{""ts"": ""2025-12-26T08:43:13.385957+00:00"", ""level"": ""WARNING"", ""service"": ""dora-bot"", ""env"": ""prod"", ""bot_version"": ""unknown"", ""bot_run_id"": ""20251226-010945-5de626"", ""message"": ""Order on exchange but not in local state (untracked)"", ""event_type"": ""LOG"", ""market"": ""KXIPO-26-RIPPLE"", ""order_id"": ""9181f126-4508-419f-8ae2-8da908b15435"", ""side"": ""yes"", ""price"": 0.33, ""size"": 10, ""logger"": ""dora_bot.state_manager""}"
2025-12-26 08:43:13.457,"{""ts"": ""2025-12-26T08:43:13.385985+00:00"", ""level"": ""WARNING"", ""service"": ""dora-bot"", ""env"": ""prod"", ""bot_version"": ""unknown"", ""bot_run_id"": ""20251226-010945-5de626"", ""message"": ""Order on exchange but not in local state (untracked)"", ""event_type"": ""LOG"", ""market"": ""KXWCCREG-26-GONZ"", ""order_id"": ""82b8ddfc-2fa9-4dae-8851-d37d67a3ed72"", ""side"": ""yes"", ""price"": 0.48, ""size"": 10, ""logger"": ""dora_bot.state_manager""}"
2025-12-26 08:42:45.810,"{""ts"": ""2025-12-26T08:42:41.508531+00:00"", ""level"": ""WARNING"", ""service"": ""dora-bot"", ""env"": ""prod"", ""bot_version"": ""unknown"", ""bot_run_id"": ""20251226-010945-5de626"", ""message"": ""Loop exceeded target duration"", ""event_type"": ""LOG"", ""loop_duration_ms"": 37218.753814697266, ""target_ms"": 10000.0, ""logger"": ""__main__""}"
2025-12-26 08:42:08.811,"{""ts"": ""2025-12-26T08:42:04.289689+00:00"", ""level"": ""WARNING"", ""service"": ""dora-bot"", ""env"": ""prod"", ""bot_version"": ""unknown"", ""bot_run_id"": ""20251226-010945-5de626"", ""message"": ""Loop exceeded target duration"", ""event_type"": ""LOG"", ""loop_duration_ms"": 37326.4799118042, ""target_ms"": 10000.0, ""logger"": ""__main__""}"
2025-12-26 08:41:59.013,"{""ts"": ""2025-12-26T08:41:58.646125+00:00"", ""level"": ""WARNING"", ""service"": ""dora-bot"", ""env"": ""prod"", ""bot_version"": ""unknown"", ""bot_run_id"": ""20251226-010945-5de626"", ""message"": ""Order state drift detected"", ""event_type"": ""LOG"", ""loop_count"": 734, ""stale_local_orders"": 3, ""untracked_exchange_orders"": 0, ""logger"": ""__main__""}"
2025-12-26 08:41:58.762,"{""ts"": ""2025-12-26T08:41:58.645741+00:00"", ""level"": ""WARNING"", ""service"": ""dora-bot"", ""env"": ""prod"", ""bot_version"": ""unknown"", ""bot_run_id"": ""20251226-010945-5de626"", ""message"": ""Order in local state but not on exchange (stale)"", ""event_type"": ""LOG"", ""market"": ""KXIPO-26-RIPPLE"", ""order_id"": ""0b1a3953-0d70-4257-af45-457cef66cea7"", ""side"": ""yes"", ""price"": 0.34, ""size"": 10, ""logger"": ""dora_bot.state_manager""}"
2025-12-26 08:41:58.762,"{""ts"": ""2025-12-26T08:41:58.645788+00:00"", ""level"": ""WARNING"", ""service"": ""dora-bot"", ""env"": ""prod"", ""bot_version"": ""unknown"", ""bot_run_id"": ""20251226-010945-5de626"", ""message"": ""Order in local state but not on exchange (stale)"", ""event_type"": ""LOG"", ""market"": ""KXIPO-26-RIPPLE"", ""order_id"": ""a9e59947-0db7-4633-8ef3-72f44fdb849c"", ""side"": ""no"", ""price"": 0.38, ""size"": 10, ""logger"": ""dora_bot.state_manager""}"
2025-12-26 08:41:58.762,"{""ts"": ""2025-12-26T08:41:58.645831+00:00"", ""level"": ""WARNING"", ""service"": ""dora-bot"", ""env"": ""prod"", ""bot_version"": ""unknown"", ""bot_run_id"": ""20251226-010945-5de626"", ""message"": ""Order in local state but not on exchange (stale)"", ""event_type"": ""LOG"", ""market"": ""KXNEXTCOACHOUTNFL-26-2-LV"", ""order_id"": ""3db55c7e-4e9a-4999-8974-ba2256793273"", ""side"": ""yes"", ""price"": 0.19, ""size"": 10, ""logger"": ""dora_bot.state_manager""}"
2025-12-26 08:41:31.811,"{""ts"": ""2025-12-26T08:41:26.963124+00:00"", ""level"": ""WARNING"", ""service"": ""dora-bot"", ""env"": ""prod"", ""bot_version"": ""unknown"", ""bot_run_id"": ""20251226-010945-5de626"", ""message"": ""Loop exceeded target duration"", ""event_type"": ""LOG"", ""loop_duration_ms"": 37543.68996620178, ""target_ms"": 10000.0, ""logger"": ""__main__""}"
2025-12-26 08:41:26.935,"{""ts"": ""2025-12-26T08:41:25.899561+00:00"", ""level"": ""WARNING"", ""service"": ""dora-bot"", ""env"": ""prod"", ""bot_version"": ""unknown"", ""bot_run_id"": ""20251226-010945-5de626"", ""message"": ""Some cancellations failed"", ""event_type"": ""LOG"", ""succeeded"": 2, ""failed"": 3, ""logger"": ""__main__""}"
2025-12-26 08:41:25.933,"{""ts"": ""2025-12-26T08:41:25.899202+00:00"", ""level"": ""WARNING"", ""service"": ""dora-bot"", ""env"": ""prod"", ""bot_version"": ""unknown"", ""bot_run_id"": ""20251226-010945-5de626"", ""message"": ""Batch cancel - order failed"", ""event_type"": ""BATCH_CANCEL_FAILED"", ""decision_id"": ""20251226-010945-5de626:BATCH_CANCEL:733"", ""order_id"": ""3db55c7e-4e9a-4999-8974-ba2256793273"", ""error_msg"": ""not found"", ""error_code"": ""not_found"", ""logger"": ""dora_bot.exchange_client""}"
2025-12-26 08:41:25.933,"{""ts"": ""2025-12-26T08:41:25.899296+00:00"", ""level"": ""WARNING"", ""service"": ""dora-bot"", ""env"": ""prod"", ""bot_version"": ""unknown"", ""bot_run_id"": ""20251226-010945-5de626"", ""message"": ""Batch cancel - order failed"", ""event_type"": ""BATCH_CANCEL_FAILED"", ""decision_id"": ""20251226-010945-5de626:BATCH_CANCEL:733"", ""order_id"": ""a9e59947-0db7-4633-8ef3-72f44fdb849c"", ""error_msg"": ""not found"", ""error_code"": ""not_found"", ""logger"": ""dora_bot.exchange_client""}"
2025-12-26 08:41:25.933,"{""ts"": ""2025-12-26T08:41:25.899340+00:00"", ""level"": ""WARNING"", ""service"": ""dora-bot"", ""env"": ""prod"", ""bot_version"": ""unknown"", ""bot_run_id"": ""20251226-010945-5de626"", ""message"": ""Batch cancel - order failed"", ""event_type"": ""BATCH_CANCEL_FAILED"", ""decision_id"": ""20251226-010945-5de626:BATCH_CANCEL:733"", ""order_id"": ""0b1a3953-0d70-4257-af45-457cef66cea7"", ""error_msg"": ""not found"", ""error_code"": ""not_found"", ""logger"": ""dora_bot.exchange_client""}"
2025-12-26 08:41:25.933,"{""ts"": ""2025-12-26T08:41:25.899422+00:00"", ""level"": ""WARNING"", ""service"": ""dora-bot"", ""env"": ""prod"", ""bot_version"": ""unknown"", ""bot_run_id"": ""20251226-010945-5de626"", ""message"": ""Cancel failed"", ""event_type"": ""BATCH_CANCEL_FAILED"", ""decision_id"": ""20251226-010945-5de626:BATCH_CANCEL:733"", ""market"": ""KXNEXTCOACHOUTNFL-26-2-LV"", ""order_id"": ""3db55c7e-4e9a-4999-8974-ba2256793273"", ""error_msg"": ""not found"", ""batch_number"": 1, ""logger"": ""__main__""}"
2025-12-26 08:41:25.933,"{""ts"": ""2025-12-26T08:41:25.899456+00:00"", ""level"": ""WARNING"", ""service"": ""dora-bot"", ""env"": ""prod"", ""bot_version"": ""unknown"", ""bot_run_id"": ""20251226-010945-5de626"", ""message"": ""Cancel failed"", ""event_type"": ""BATCH_CANCEL_FAILED"", ""decision_id"": ""20251226-010945-5de626:BATCH_CANCEL:733"", ""market"": ""KXIPO-26-RIPPLE"", ""order_id"": ""a9e59947-0db7-4633-8ef3-72f44fdb849c"", ""error_msg"": ""not found"", ""batch_number"": 1, ""logger"": ""__main__""}"
2025-12-26 08:41:25.933,"{""ts"": ""2025-12-26T08:41:25.899485+00:00"", ""level"": ""WARNING"", ""service"": ""dora-bot"", ""env"": ""prod"", ""bot_version"": ""unknown"", ""bot_run_id"": ""20251226-010945-5de626"", ""message"": ""Cancel failed"", ""event_type"": ""BATCH_CANCEL_FAILED"", ""decision_id"": ""20251226-010945-5de626:BATCH_CANCEL:733"", ""market"": ""KXIPO-26-RIPPLE"", ""order_id"": ""0b1a3953-0d70-4257-af45-457cef66cea7"", ""error_msg"": ""not found"", ""batch_number"": 1, ""logger"": ""__main__""}"
2025-12-26 08:41:21.673,"{""ts"": ""2025-12-26T08:41:21.269144+00:00"", ""level"": ""WARNING"", ""service"": ""dora-bot"", ""env"": ""prod"", ""bot_version"": ""unknown"", ""bot_run_id"": ""20251226-010945-5de626"", ""message"": ""Order state drift detected"", ""event_type"": ""LOG"", ""loop_count"": 733, ""stale_local_orders"": 7, ""untracked_exchange_orders"": 3, ""logger"": ""__main__""}"
2025-12-26 08:41:21.422,"{""ts"": ""2025-12-26T08:41:21.268593+00:00"", ""level"": ""WARNING"", ""service"": ""dora-bot"", ""env"": ""prod"", ""bot_version"": ""unknown"", ""bot_run_id"": ""20251226-010945-5de626"", ""message"": ""Order in local state but not on exchange (stale)"", ""event_type"": ""LOG"", ""market"": ""KXIPO-26-DATABRICKS"", ""order_id"": ""e7d1bbff-daff-46cc-b61e-17252a64ee4d"", ""side"": ""yes"", ""price"": 0.53, ""size"": 10, ""logger"": ""dora_bot.state_manager""}"
2025-12-26 08:41:21.422,"{""ts"": ""2025-12-26T08:41:21.268651+00:00"", ""level"": ""WARNING"", ""service"": ""dora-bot"", ""env"": ""prod"", ""bot_version"": ""unknown"", ""bot_run_id"": ""20251226-010945-5de626"", ""message"": ""Order in local state but not on exchange (stale)"", ""event_type"": ""LOG"", ""market"": ""KXNEXTCOACHOUTNFL-26-2-LV"", ""order_id"": ""86da0845-2c49-4534-8f88-e0b417b6d57e"", ""side"": ""yes"", ""price"": 0.16, ""size"": 10, ""logger"": ""dora_bot.state_manager""}"
2025-12-26 08:41:21.422,"{""ts"": ""2025-12-26T08:41:21.268690+00:00"", ""level"": ""WARNING"", ""service"": ""dora-bot"", ""env"": ""prod"", ""bot_version"": ""unknown"", ""bot_run_id"": ""20251226-010945-5de626"", ""message"": ""Order in local state but not on exchange (stale)"", ""event_type"": ""LOG"", ""market"": ""KXIPO-26-DATABRICKS"", ""order_id"": ""5039beca-4562-4a9b-99aa-793b4e7f692d"", ""side"": ""no"", ""price"": 0.57, ""size"": 10, ""logger"": ""dora_bot.state_manager""}"
2025-12-26 08:41:21.422,"{""ts"": ""2025-12-26T08:41:21.268721+00:00"", ""level"": ""WARNING"", ""service"": ""dora-bot"", ""env"": ""prod"", ""bot_version"": ""unknown"", ""bot_run_id"": ""20251226-010945-5de626"", ""message"": ""Order in local state but not on exchange (stale)"", ""event_type"": ""LOG"", ""market"": ""KXIPO-26-RIPPLE"", ""order_id"": ""be1e4893-8069-4783-a593-7685f25baf4c"", ""side"": ""no"", ""price"": 0.39, ""size"": 10, ""logger"": ""dora_bot.state_manager""}"
2025-12-26 08:41:21.422,"{""ts"": ""2025-12-26T08:41:21.268750+00:00"", ""level"": ""WARNING"", ""service"": ""dora-bot"", ""env"": ""prod"", ""bot_version"": ""unknown"", ""bot_run_id"": ""20251226-010945-5de626"", ""message"": ""Order in local state but not on exchange (stale)"", ""event_type"": ""LOG"", ""market"": ""KXWCCREG-26-GONZ"", ""order_id"": ""673cbba8-1270-49ba-8703-401057c4dfa5"", ""side"": ""yes"", ""price"": 0.48, ""size"": 10, ""logger"": ""dora_bot.state_manager""}"
2025-12-26 08:41:21.422,"{""ts"": ""2025-12-26T08:41:21.268777+00:00"", ""level"": ""WARNING"", ""service"": ""dora-bot"", ""env"": ""prod"", ""bot_version"": ""unknown"", ""bot_run_id"": ""20251226-010945-5de626"", ""message"": ""Order in local state but not on exchange (stale)"", ""event_type"": ""LOG"", ""market"": ""KXIPO-26-RIPPLE"", ""order_id"": ""b2bf6ed0-c5bc-4f4a-b5d4-43360f8c657c"", ""side"": ""yes"", ""price"": 0.33, ""size"": 10, ""logger"": ""dora_bot.state_manager""}"
2025-12-26 08:41:21.422,"{""ts"": ""2025-12-26T08:41:21.268805+00:00"", ""level"": ""WARNING"", ""service"": ""dora-bot"", ""env"": ""prod"", ""bot_version"": ""unknown"", ""bot_run_id"": ""20251226-010945-5de626"", ""message"": ""Order in local state but not on exchange (stale)"", ""event_type"": ""LOG"", ""market"": ""KXWCCREG-26-GONZ"", ""order_id"": ""2216cd46-32ae-4f4d-a7a1-f3d4ffddf07e"", ""side"": ""yes"", ""price"": 0.5, ""size"": 10, ""logger"": ""dora_bot.state_manager""}"
2025-12-26 08:41:21.422,"{""ts"": ""2025-12-26T08:41:21.268949+00:00"", ""level"": ""WARNING"", ""service"": ""dora-bot"", ""env"": ""prod"", ""bot_version"": ""unknown"", ""bot_run_id"": ""20251226-010945-5de626"", ""message"": ""Order on exchange but not in local state (untracked)"", ""event_type"": ""LOG"", ""market"": ""KXIPO-26-RIPPLE"", ""order_id"": ""0b1a3953-0d70-4257-af45-457cef66cea7"", ""side"": ""yes"", ""price"": 0.34, ""size"": 10, ""logger"": ""dora_bot.state_manager""}"
2025-12-26 08:41:21.422,"{""ts"": ""2025-12-26T08:41:21.268978+00:00"", ""level"": ""WARNING"", ""service"": ""dora-bot"", ""env"": ""prod"", ""bot_version"": ""unknown"", ""bot_run_id"": ""20251226-010945-5de626"", ""message"": ""Order on exchange but not in local state (untracked)"", ""event_type"": ""LOG"", ""market"": ""KXIPO-26-RIPPLE"", ""order_id"": ""a9e59947-0db7-4633-8ef3-72f44fdb849c"", ""side"": ""no"", ""price"": 0.38, ""size"": 10, ""logger"": ""dora_bot.state_manager""}"
2025-12-26 08:41:21.422,"{""ts"": ""2025-12-26T08:41:21.269006+00:00"", ""level"": ""WARNING"", ""service"": ""dora-bot"", ""env"": ""prod"", ""bot_version"": ""unknown"", ""bot_run_id"": ""20251226-010945-5de626"", ""message"": ""Order on exchange but not in local state (untracked)"", ""event_type"": ""LOG"", ""market"": ""KXNEXTCOACHOUTNFL-26-2-LV"", ""order_id"": ""3db55c7e-4e9a-4999-8974-ba2256793273"", ""side"": ""yes"", ""price"": 0.19, ""size"": 10, ""logger"": ""dora_bot.state_manager""}"
2025-12-26 08:40:53.810,"{""ts"": ""2025-12-26T08:40:49.419354+00:00"", ""level"": ""WARNING"", ""service"": ""dora-bot"", ""env"": ""prod"", ""bot_version"": ""unknown"", ""bot_run_id"": ""20251226-010945-5de626"", ""message"": ""Loop exceeded target duration"", ""event_type"": ""LOG"", ""loop_duration_ms"": 37597.31364250183, ""target_ms"": 10000.0, ""logger"": ""__main__""}"
2025-12-26 08:40:49.596,"{""ts"": ""2025-12-26T08:40:48.363868+00:00"", ""level"": ""WARNING"", ""service"": ""dora-bot"", ""env"": ""prod"", ""bot_version"": ""unknown"", ""bot_run_id"": ""20251226-010945-5de626"", ""message"": ""Some cancellations failed"", ""event_type"": ""LOG"", ""succeeded"": 3, ""failed"": 4, ""logger"": ""__main__""}"
2025-12-26 08:40:48.593,"{""ts"": ""2025-12-26T08:40:48.363358+00:00"", ""level"": ""WARNING"", ""service"": ""dora-bot"", ""env"": ""prod"", ""bot_version"": ""unknown"", ""bot_run_id"": ""20251226-010945-5de626"", ""message"": ""Batch cancel - order failed"", ""event_type"": ""BATCH_CANCEL_FAILED"", ""decision_id"": ""20251226-010945-5de626:BATCH_CANCEL:732"", ""order_id"": ""5039beca-4562-4a9b-99aa-793b4e7f692d"", ""error_msg"": ""not found"", ""error_code"": ""not_found"", ""logger"": ""dora_bot.exchange_client""}"
2025-12-26 08:40:48.593,"{""ts"": ""2025-12-26T08:40:48.363453+00:00"", ""level"": ""WARNING"", ""service"": ""dora-bot"", ""env"": ""prod"", ""bot_version"": ""unknown"", ""bot_run_id"": ""20251226-010945-5de626"", ""message"": ""Batch cancel - order failed"", ""event_type"": ""BATCH_CANCEL_FAILED"", ""decision_id"": ""20251226-010945-5de626:BATCH_CANCEL:732"", ""order_id"": ""2216cd46-32ae-4f4d-a7a1-f3d4ffddf07e"", ""error_msg"": ""not found"", ""error_code"": ""not_found"", ""logger"": ""dora_bot.exchange_client""}"
2025-12-26 08:40:48.593,"{""ts"": ""2025-12-26T08:40:48.363493+00:00"", ""level"": ""WARNING"", ""service"": ""dora-bot"", ""env"": ""prod"", ""bot_version"": ""unknown"", ""bot_run_id"": ""20251226-010945-5de626"", ""message"": ""Batch cancel - order failed"", ""event_type"": ""BATCH_CANCEL_FAILED"", ""decision_id"": ""20251226-010945-5de626:BATCH_CANCEL:732"", ""order_id"": ""673cbba8-1270-49ba-8703-401057c4dfa5"", ""error_msg"": ""not found"", ""error_code"": ""not_found"", ""logger"": ""dora_bot.exchange_client""}"
2025-12-26 08:40:48.593,"{""ts"": ""2025-12-26T08:40:48.363526+00:00"", ""level"": ""WARNING"", ""service"": ""dora-bot"", ""env"": ""prod"", ""bot_version"": ""unknown"", ""bot_run_id"": ""20251226-010945-5de626"", ""message"": ""Batch cancel - order failed"", ""event_type"": ""BATCH_CANCEL_FAILED"", ""decision_id"": ""20251226-010945-5de626:BATCH_CANCEL:732"", ""order_id"": ""86da0845-2c49-4534-8f88-e0b417b6d57e"", ""error_msg"": ""not found"", ""error_code"": ""not_found"", ""logger"": ""dora_bot.exchange_client""}"
2025-12-26 08:40:48.593,"{""ts"": ""2025-12-26T08:40:48.363700+00:00"", ""level"": ""WARNING"", ""service"": ""dora-bot"", ""env"": ""prod"", ""bot_version"": ""unknown"", ""bot_run_id"": ""20251226-010945-5de626"", ""message"": ""Cancel failed"", ""event_type"": ""BATCH_CANCEL_FAILED"", ""decision_id"": ""20251226-010945-5de626:BATCH_CANCEL:732"", ""market"": ""KXIPO-26-DATABRICKS"", ""order_id"": ""5039beca-4562-4a9b-99aa-793b4e7f692d"", ""error_msg"": ""not found"", ""batch_number"": 1, ""logger"": ""__main__""}"
2025-12-26 08:40:48.593,"{""ts"": ""2025-12-26T08:40:48.363736+00:00"", ""level"": ""WARNING"", ""service"": ""dora-bot"", ""env"": ""prod"", ""bot_version"": ""unknown"", ""bot_run_id"": ""20251226-010945-5de626"", ""message"": ""Cancel failed"", ""event_type"": ""BATCH_CANCEL_FAILED"", ""decision_id"": ""20251226-010945-5de626:BATCH_CANCEL:732"", ""market"": ""KXWCCREG-26-GONZ"", ""order_id"": ""2216cd46-32ae-4f4d-a7a1-f3d4ffddf07e"", ""error_msg"": ""not found"", ""batch_number"": 1, ""logger"": ""__main__""}"
2025-12-26 08:40:48.593,"{""ts"": ""2025-12-26T08:40:48.363766+00:00"", ""level"": ""WARNING"", ""service"": ""dora-bot"", ""env"": ""prod"", ""bot_version"": ""unknown"", ""bot_run_id"": ""20251226-010945-5de626"", ""message"": ""Cancel failed"", ""event_type"": ""BATCH_CANCEL_FAILED"", ""decision_id"": ""20251226-010945-5de626:BATCH_CANCEL:732"", ""market"": ""KXWCCREG-26-GONZ"", ""order_id"": ""673cbba8-1270-49ba-8703-401057c4dfa5"", ""error_msg"": ""not found"", ""batch_number"": 1, ""logger"": ""__main__""}"
2025-12-26 08:40:48.593,"{""ts"": ""2025-12-26T08:40:48.363797+00:00"", ""level"": ""WARNING"", ""service"": ""dora-bot"", ""env"": ""prod"", ""bot_version"": ""unknown"", ""bot_run_id"": ""20251226-010945-5de626"", ""message"": ""Cancel failed"", ""event_type"": ""BATCH_CANCEL_FAILED"", ""decision_id"": ""20251226-010945-5de626:BATCH_CANCEL:732"", ""market"": ""KXNEXTCOACHOUTNFL-26-2-LV"", ""order_id"": ""86da0845-2c49-4534-8f88-e0b417b6d57e"", ""error_msg"": ""not found"", ""batch_number"": 1, ""logger"": ""__main__""}"
2025-12-26 08:40:44.332,"{""ts"": ""2025-12-26T08:40:44.032802+00:00"", ""level"": ""WARNING"", ""service"": ""dora-bot"", ""env"": ""prod"", ""bot_version"": ""unknown"", ""bot_run_id"": ""20251226-010945-5de626"", ""message"": ""Order state drift detected"", ""event_type"": ""LOG"", ""loop_count"": 732, ""stale_local_orders"": 0, ""untracked_exchange_orders"": 7, ""logger"": ""__main__""}"
2025-12-26 08:40:44.081,"{""ts"": ""2025-12-26T08:40:44.032435+00:00"", ""level"": ""WARNING"", ""service"": ""dora-bot"", ""env"": ""prod"", ""bot_version"": ""unknown"", ""bot_run_id"": ""20251226-010945-5de626"", ""message"": ""Order on exchange but not in local state (untracked)"", ""event_type"": ""LOG"", ""market"": ""KXIPO-26-DATABRICKS"", ""order_id"": ""e7d1bbff-daff-46cc-b61e-17252a64ee4d"", ""side"": ""yes"", ""price"": 0.53, ""size"": 10, ""logger"": ""dora_bot.state_manager""}"
2025-12-26 08:40:44.081,"{""ts"": ""2025-12-26T08:40:44.032497+00:00"", ""level"": ""WARNING"", ""service"": ""dora-bot"", ""env"": ""prod"", ""bot_version"": ""unknown"", ""bot_run_id"": ""20251226-010945-5de626"", ""message"": ""Order on exchange but not in local state (untracked)"", ""event_type"": ""LOG"", ""market"": ""KXNEXTCOACHOUTNFL-26-2-LV"", ""order_id"": ""86da0845-2c49-4534-8f88-e0b417b6d57e"", ""side"": ""yes"", ""price"": 0.16, ""size"": 10, ""logger"": ""dora_bot.state_manager""}"
2025-12-26 08:40:44.081,"{""ts"": ""2025-12-26T08:40:44.032530+00:00"", ""level"": ""WARNING"", ""service"": ""dora-bot"", ""env"": ""prod"", ""bot_version"": ""unknown"", ""bot_run_id"": ""20251226-010945-5de626"", ""message"": ""Order on exchange but not in local state (untracked)"", ""event_type"": ""LOG"", ""market"": ""KXIPO-26-DATABRICKS"", ""order_id"": ""5039beca-4562-4a9b-99aa-793b4e7f692d"", ""side"": ""no"", ""price"": 0.57, ""size"": 10, ""logger"": ""dora_bot.state_manager""}"
2025-12-26 08:40:44.081,"{""ts"": ""2025-12-26T08:40:44.032560+00:00"", ""level"": ""WARNING"", ""service"": ""dora-bot"", ""env"": ""prod"", ""bot_version"": ""unknown"", ""bot_run_id"": ""20251226-010945-5de626"", ""message"": ""Order on exchange but not in local state (untracked)"", ""event_type"": ""LOG"", ""market"": ""KXIPO-26-RIPPLE"", ""order_id"": ""be1e4893-8069-4783-a593-7685f25baf4c"", ""side"": ""no"", ""price"": 0.39, ""size"": 10, ""logger"": ""dora_bot.state_manager""}"
2025-12-26 08:40:44.081,"{""ts"": ""2025-12-26T08:40:44.032589+00:00"", ""level"": ""WARNING"", ""service"": ""dora-bot"", ""env"": ""prod"", ""bot_version"": ""unknown"", ""bot_run_id"": ""20251226-010945-5de626"", ""message"": ""Order on exchange but not in local state (untracked)"", ""event_type"": ""LOG"", ""market"": ""KXWCCREG-26-GONZ"", ""order_id"": ""673cbba8-1270-49ba-8703-401057c4dfa5"", ""side"": ""yes"", ""price"": 0.48, ""size"": 10, ""logger"": ""dora_bot.state_manager""}"
2025-12-26 08:40:44.081,"{""ts"": ""2025-12-26T08:40:44.032618+00:00"", ""level"": ""WARNING"", ""service"": ""dora-bot"", ""env"": ""prod"", ""bot_version"": ""unknown"", ""bot_run_id"": ""20251226-010945-5de626"", ""message"": ""Order on exchange but not in local state (untracked)"", ""event_type"": ""LOG"", ""market"": ""KXIPO-26-RIPPLE"", ""order_id"": ""b2bf6ed0-c5bc-4f4a-b5d4-43360f8c657c"", ""side"": ""yes"", ""price"": 0.33, ""size"": 10, ""logger"": ""dora_bot.state_manager""}"
2025-12-26 08:40:44.081,"{""ts"": ""2025-12-26T08:40:44.032646+00:00"", ""level"": ""WARNING"", ""service"": ""dora-bot"", ""env"": ""prod"", ""bot_version"": ""unknown"", ""bot_run_id"": ""20251226-010945-5de626"", ""message"": ""Order on exchange but not in local state (untracked)"", ""event_type"": ""LOG"", ""market"": ""KXWCCREG-26-GONZ"", ""order_id"": ""2216cd46-32ae-4f4d-a7a1-f3d4ffddf07e"", ""side"": ""yes"", ""price"": 0.5, ""size"": 10, ""logger"": ""dora_bot.state_manager""}"